account_id,customer_name,gender,date_of_birth,mobile_number,email,city,state,account_type,customer_segment,branch_name,ifsc_code,account_open_date,initial_deposit,kyc_status
ACC100001,Saanvi Kapoor,Female,1987-09-09,9819600133,saanvi.kapoor559@gmail.com,Hyderabad,Telangana,Savings,Retail,Banjara Hills Branch,SBIN000009,2020-09-30,18776.03,Verified
ACC100002,Ananya Sharma,Female,1979-11-29,7940265423,ananya.sharma666@outlook.com,Pune,Maharashtra,Savings,Retail,Shivaji Nagar Branch,SBIN000003,2020-10-03,5772.1,Verified
ACC100003,Kavya Bose,Female,2006-02-13,9940781618,kavya.bose433@yahoo.com,Chandigarh,Chandigarh,Savings,Premium,Sector 17 Branch,SBIN000019,2022-08-09,40755.71,Verified
ACC100004,Krishna Malhotra,Male,1967-08-09,9341316475,krishna.malhotra271@gmail.com,Chennai,Tamil Nadu,Savings,Retail,Anna Nagar Branch,SBIN000011,2024-05-06,9254.94,Verified
ACC100005,Kritika Nair,Female,1960-01-13,8327648350,kritika.nair371@outlook.com,Ahmedabad,Gujarat,Savings,Retail,Navrangpura Branch,SBIN000013,2022-09-19,22250.84,Verified
ACC100006,Aditya Verma,Male,1963-11-20,9953767242,aditya.verma390@yahoo.com,Bengaluru,Karnataka,Current,Corporate,Whitefield Branch,SBIN000008,2020-10-15,439917.65,Verified
ACC100007,Harsh Singh,Male,1964-11-26,6532871012,harsh.singh664@gmail.com,Delhi,Delhi,Savings,Retail,Karol Bagh Branch,SBIN000006,2023-12-12,23479.71,Verified
ACC100008,Anika Kulkarni,Female,1986-12-29,6978480184,anika.kulkarni571@gmail.com,Bengaluru,Karnataka,Savings,Retail,Whitefield Branch,SBIN000008,2025-04-27,16359.99,Pending
ACC100009,Bhavna Malhotra,Female,1995-03-07,9482814893,bhavna.malhotra217@outlook.com,Mumbai,Maharashtra,Savings,Retail,Bandra Branch,SBIN000002,2022-08-17,7425.78,Verified
ACC100010,Priya Gupta,Female,1959-06-19,9154303911,priya.gupta253@outlook.com,Nagpur,Maharashtra,Savings,Premium,Sitabuldi Branch,SBIN000016,2025-02-21,54434.42,Verified
ACC100011,Riya Kapoor,Female,1993-01-19,9489638346,riya.kapoor142@outlook.com,Chandigarh,Chandigarh,Savings,Retail,Sector 17 Branch,SBIN000019,2025-06-18,24935.82,Verified
ACC100012,Gaurav Verma,Male,2008-04-27,9315098393,gaurav.verma395@yahoo.com,Pune,Maharashtra,Savings,Retail,Hinjewadi Branch,SBIN000004,2024-06-21,15313.82,Verified
ACC100013,Divya Deshmukh,Female,1951-01-07,9183473829,divya.deshmukh699@outlook.com,Hyderabad,Telangana,Salary,Premium,Banjara Hills Branch,SBIN000009,2024-10-25,113693.84,Verified
ACC100014,Deepika Agarwal,Female,1984-01-09,9656670106,deepika.agarwal897@outlook.com,Chennai,Tamil Nadu,Savings,Retail,Anna Nagar Branch,SBIN000011,2022-01-18,23891.58,Verified
ACC100015,Rahul Malhotra,Male,1992-11-02,8726247317,rahul.malhotra520@outlook.com,Delhi,Delhi,Savings,Retail,Karol Bagh Branch,SBIN000006,2025-05-15,21200.06,Verified
ACC100016,Dhruv Malhotra,Male,1997-06-19,9326773602,dhruv.malhotra332@yahoo.com,Delhi,Delhi,Savings,Premium,Karol Bagh Branch,SBIN000006,2025-09-13,20074.35,Verified
ACC100017,Ashok Singh,Male,1972-07-31,8723430980,ashok.singh750@yahoo.com,Chennai,Tamil Nadu,Savings,Retail,T Nagar Branch,SBIN000010,2026-06-22,2890.17,Verified
ACC100018,Deepika Kulkarni,Female,1993-12-25,9812191361,deepika.kulkarni894@outlook.com,Delhi,Delhi,Savings,Retail,Connaught Place Branch,SBIN000005,2020-12-09,7361.36,Verified
ACC100019,Krishna Yadav,Male,2005-03-19,9985435346,krishna.yadav688@outlook.com,Surat,Gujarat,Current,Retail,Adajan Branch,SBIN000018,2023-12-30,10575.82,Verified
ACC100020,Deepak Deshmukh,Male,1958-03-11,7991183842,deepak.deshmukh236@outlook.com,Lucknow,Uttar Pradesh,Savings,Retail,Hazratganj Branch,SBIN000015,2024-06-12,15119.41,Verified
ACC100021,Aditya Chopra,Male,2004-09-24,7849808412,aditya.chopra244@yahoo.com,Mumbai,Maharashtra,Savings,Premium,Bandra Branch,SBIN000002,2025-11-06,29211.46,Verified
ACC100022,Ira Kulkarni,Female,1965-12-09,9534874016,ira.kulkarni485@yahoo.com,Delhi,Delhi,Current,Premium,Connaught Place Branch,SBIN000005,2025-11-25,51589.64,Verified
ACC100023,Vihaan Bansal,Male,1998-09-14,7868011280,vihaan.bansal670@outlook.com,Jaipur,Rajasthan,Savings,Retail,C Scheme Branch,SBIN000014,2020-11-10,2300.11,Verified
ACC100024,Kartik Kapoor,Male,1999-01-03,9505331586,kartik.kapoor144@yahoo.com,Chennai,Tamil Nadu,Salary,Retail,Anna Nagar Branch,SBIN000011,2024-01-27,13870.86,Verified
ACC100025,Yash Mehta,Male,2007-01-31,9256342160,yash.mehta554@gmail.com,Pune,Maharashtra,Savings,Premium,Shivaji Nagar Branch,SBIN000003,2025-01-24,26576.48,Verified
ACC100026,Tanvi Malhotra,Female,2000-05-26,9036541458,tanvi.malhotra61@gmail.com,Bengaluru,Karnataka,Savings,Retail,Whitefield Branch,SBIN000008,2021-12-04,10624.97,Verified
ACC100027,Kartik Shah,Male,1973-10-13,9940196556,kartik.shah678@outlook.com,Lucknow,Uttar Pradesh,Savings,Retail,Hazratganj Branch,SBIN000015,2026-06-12,19800.68,Verified
ACC100028,Krishna Patel,Male,1985-10-05,9608835615,krishna.patel59@gmail.com,Bengaluru,Karnataka,Salary,Retail,Koramangala Branch,SBIN000007,2023-08-25,18951.41,Verified
ACC100029,Meera Yadav,Female,1986-09-29,6564823662,meera.yadav610@gmail.com,Indore,Madhya Pradesh,Savings,Corporate,Vijay Nagar Branch,SBIN000017,2024-07-21,133621.23,Verified
ACC100030,Kavya Das,Female,1986-04-20,6995777387,kavya.das84@yahoo.com,Pune,Maharashtra,Salary,Retail,Hinjewadi Branch,SBIN000004,2022-05-24,1953.8,Verified
ACC100031,Swati Deshmukh,Female,1996-08-21,9513433200,swati.deshmukh406@gmail.com,Chennai,Tamil Nadu,Salary,Retail,Anna Nagar Branch,SBIN000011,2026-04-27,6728.46,Verified
ACC100032,Ishita Bose,Female,1964-10-19,9676320163,ishita.bose577@gmail.com,Chennai,Tamil Nadu,Salary,Corporate,Anna Nagar Branch,SBIN000011,2023-06-07,329521.66,Verified
ACC100033,Krishna Deshmukh,Male,1960-10-20,9727889579,krishna.deshmukh292@gmail.com,Hyderabad,Telangana,Savings,Retail,Banjara Hills Branch,SBIN000009,2026-04-23,6862.83,Verified
ACC100034,Amit Chopra,Male,1997-11-14,7743487347,amit.chopra837@outlook.com,Chennai,Tamil Nadu,Savings,Corporate,T Nagar Branch,SBIN000010,2025-11-30,53520.4,Verified
ACC100035,Anil Nair,Male,1955-02-04,9223623166,anil.nair289@outlook.com,Delhi,Delhi,Savings,Premium,Connaught Place Branch,SBIN000005,2022-04-21,40208.23,Verified
ACC100036,Aryan Gupta,Male,1969-10-16,9096705466,aryan.gupta650@yahoo.com,Hyderabad,Telangana,Savings,Retail,Banjara Hills Branch,SBIN000009,2023-05-18,2219.17,Verified
ACC100037,Ananya Sharma,Female,1981-10-26,6706562729,ananya.sharma565@outlook.com,Chennai,Tamil Nadu,Current,Retail,Anna Nagar Branch,SBIN000011,2024-12-23,18789.54,Verified
ACC100038,Aarav Nair,Male,1981-07-31,7204653755,aarav.nair379@outlook.com,Pune,Maharashtra,Salary,Retail,Shivaji Nagar Branch,SBIN000003,2026-01-02,1864.68,Verified
ACC100039,Sneha Reddy,Female,1994-10-02,9805310033,sneha.reddy921@yahoo.com,Mumbai,Maharashtra,Savings,Premium,Bandra Branch,SBIN000002,2022-11-10,131891.34,Verified
ACC100040,Ishaan Bansal,Male,1999-04-12,9374529912,ishaan.bansal768@gmail.com,Pune,Maharashtra,Savings,Retail,Hinjewadi Branch,SBIN000004,2024-04-20,24372.09,Verified
ACC100041,Kavya Pandey,Female,2006-07-22,6319314919,kavya.pandey755@yahoo.com,Delhi,Delhi,Salary,Premium,Karol Bagh Branch,SBIN000006,2021-03-30,23222.23,Verified
ACC100042,Sneha Trivedi,Female,1995-12-30,9067165726,sneha.trivedi880@yahoo.com,Bengaluru,Karnataka,Savings,Premium,Whitefield Branch,SBIN000008,2022-09-01,133381.68,Verified
ACC100043,Harsh Yadav,Male,1960-10-25,7694531473,harsh.yadav676@gmail.com,Lucknow,Uttar Pradesh,Savings,Premium,Hazratganj Branch,SBIN000015,2023-09-16,48980.06,Verified
ACC100044,Rohan Pandey,Male,1994-02-16,9273545494,rohan.pandey864@outlook.com,Pune,Maharashtra,Salary,Retail,Shivaji Nagar Branch,SBIN000003,2023-12-30,10592.28,Verified
ACC100045,Aarav Nair,Male,1982-11-02,7837770143,aarav.nair445@yahoo.com,Hyderabad,Telangana,Savings,Corporate,Banjara Hills Branch,SBIN000009,2023-09-05,98781.15,Verified
ACC100046,Priya Chatterjee,Female,1974-01-21,9685574443,priya.chatterjee46@outlook.com,Kochi,Kerala,Salary,Retail,MG Road Branch,SBIN000020,2022-01-18,5561.89,Verified
ACC100047,Rahul Yadav,Male,1957-08-07,9749894134,rahul.yadav442@gmail.com,Surat,Gujarat,Current,Corporate,Adajan Branch,SBIN000018,2021-09-30,138665.81,Verified
ACC100048,Tanvi Kumar,Female,1963-10-18,9084271094,tanvi.kumar317@outlook.com,Kochi,Kerala,Savings,Premium,MG Road Branch,SBIN000020,2021-09-01,59041.89,Verified
ACC100049,Kartik Chopra,Male,1977-10-29,9167190229,kartik.chopra767@gmail.com,Chennai,Tamil Nadu,Savings,Retail,T Nagar Branch,SBIN000010,2023-03-23,10099.49,Verified
ACC100050,Ishita Das,Female,2005-08-26,9993867749,ishita.das622@outlook.com,Surat,Gujarat,Salary,Retail,Adajan Branch,SBIN000018,2021-02-08,19858.21,Verified
ACC100051,Yash Bose,Male,2008-01-09,9412328120,yash.bose675@gmail.com,Bengaluru,Karnataka,Savings,Premium,Koramangala Branch,SBIN000007,2022-06-02,115674.99,Pending
ACC100052,Anil Agarwal,Male,1974-04-18,9471349361,anil.agarwal231@gmail.com,Kochi,Kerala,Savings,Premium,MG Road Branch,SBIN000020,2024-09-15,107463.44,Verified
ACC100053,Vivaan Mehta,Male,1982-03-09,9499471746,vivaan.mehta590@gmail.com,Nagpur,Maharashtra,Savings,Premium,Sitabuldi Branch,SBIN000016,2024-06-16,135197.8,Verified
ACC100054,Pooja Joshi,Female,2005-04-11,9659401399,pooja.joshi789@gmail.com,Ahmedabad,Gujarat,Savings,Retail,Navrangpura Branch,SBIN000013,2023-08-01,19023.15,Verified
ACC100055,Kavya Rao,Female,2005-09-30,7874296717,kavya.rao137@yahoo.com,Indore,Madhya Pradesh,Savings,Retail,Vijay Nagar Branch,SBIN000017,2026-07-23,3912.61,Verified
ACC100056,Kritika Pillai,Female,1970-10-13,7468071545,kritika.pillai517@yahoo.com,Chennai,Tamil Nadu,Salary,Premium,Anna Nagar Branch,SBIN000011,2022-08-02,113505.61,Verified
ACC100057,Kritika Bose,Female,1957-04-28,9385977034,kritika.bose653@yahoo.com,Delhi,Delhi,Current,Retail,Karol Bagh Branch,SBIN000006,2025-03-15,6933.75,Verified
ACC100058,Meera Joshi,Female,1982-06-16,9324808613,meera.joshi328@outlook.com,Bengaluru,Karnataka,Savings,Retail,Whitefield Branch,SBIN000008,2026-02-16,7521.16,Verified
ACC100059,Arjun Mehta,Male,2008-02-25,9846773782,arjun.mehta556@yahoo.com,Ahmedabad,Gujarat,Current,Premium,Navrangpura Branch,SBIN000013,2026-01-15,72987.92,Verified
ACC100060,Krishna Naidu,Male,1972-11-06,9840449972,krishna.naidu902@outlook.com,Jaipur,Rajasthan,Savings,Premium,C Scheme Branch,SBIN000014,2026-02-03,22539.15,Pending
ACC100061,Aarav Singh,Male,1976-07-02,7533963605,aarav.singh766@outlook.com,Chennai,Tamil Nadu,Current,Premium,T Nagar Branch,SBIN000010,2023-06-27,74472.77,Pending
ACC100062,Nisha Mishra,Female,1993-10-17,9289517187,nisha.mishra685@outlook.com,Bengaluru,Karnataka,Savings,Retail,Whitefield Branch,SBIN000008,2024-10-20,10332.57,Verified
ACC100063,Kavita Rao,Female,1951-06-29,9961586578,kavita.rao607@outlook.com,Lucknow,Uttar Pradesh,Salary,Corporate,Hazratganj Branch,SBIN000015,2021-06-16,458117.99,Verified
ACC100064,Aadhya Agarwal,Female,1952-09-06,9172400504,aadhya.agarwal217@yahoo.com,Jaipur,Rajasthan,Savings,Retail,C Scheme Branch,SBIN000014,2021-01-02,10098.49,Verified
ACC100065,Gaurav Mishra,Male,1971-05-24,9221969379,gaurav.mishra482@gmail.com,Ahmedabad,Gujarat,Savings,Corporate,Navrangpura Branch,SBIN000013,2023-03-02,425709.91,Verified
ACC100066,Ananya Singh,Female,1958-11-25,7482175946,ananya.singh973@gmail.com,Bengaluru,Karnataka,Current,Premium,Whitefield Branch,SBIN000008,2023-05-07,118050.32,Verified
ACC100067,Aarav Pillai,Male,1990-08-22,9369594406,aarav.pillai477@outlook.com,Delhi,Delhi,Savings,Retail,Connaught Place Branch,SBIN000005,2023-04-28,23746.17,Verified
ACC100068,Dhruv Rao,Male,1966-07-09,9953394210,dhruv.rao988@yahoo.com,Kochi,Kerala,Savings,Premium,MG Road Branch,SBIN000020,2023-12-22,126509.15,Verified
ACC100069,Aarav Yadav,Male,1968-07-08,9623285884,aarav.yadav204@gmail.com,Chennai,Tamil Nadu,Savings,Premium,T Nagar Branch,SBIN000010,2023-03-24,142391.18,Verified
ACC100070,Bhavna Agarwal,Female,1998-10-08,7123685160,bhavna.agarwal124@outlook.com,Bengaluru,Karnataka,Savings,Premium,Whitefield Branch,SBIN000008,2022-02-17,98053.51,Verified
ACC100071,Neha Kulkarni,Female,1965-12-09,9137098593,neha.kulkarni431@yahoo.com,Jaipur,Rajasthan,Current,Retail,C Scheme Branch,SBIN000014,2021-05-03,1303.65,Verified
ACC100072,Dhruv Agarwal,Male,1988-03-01,9004711382,dhruv.agarwal277@outlook.com,Lucknow,Uttar Pradesh,Current,Retail,Hazratganj Branch,SBIN000015,2024-05-21,24171.37,Verified
ACC100073,Kritika Malhotra,Female,1973-02-21,9796405377,kritika.malhotra252@gmail.com,Nagpur,Maharashtra,Savings,Premium,Sitabuldi Branch,SBIN000016,2022-10-23,61899.6,Verified
ACC100074,Yash Mehta,Male,2005-09-25,9643171390,yash.mehta333@gmail.com,Lucknow,Uttar Pradesh,Savings,Retail,Hazratganj Branch,SBIN000015,2025-09-12,12863.36,Verified
ACC100075,Dhruv Trivedi,Male,1953-07-14,8393352904,dhruv.trivedi11@outlook.com,Hyderabad,Telangana,Savings,Premium,Banjara Hills Branch,SBIN000009,2022-08-03,55914.91,Verified
ACC100076,Aadhya Mehta,Female,2000-05-22,9020539502,aadhya.mehta503@yahoo.com,Jaipur,Rajasthan,Savings,Premium,C Scheme Branch,SBIN000014,2021-06-17,103967.38,Verified
ACC100077,Aadhya Patel,Female,1965-12-28,7758917839,aadhya.patel567@outlook.com,Bengaluru,Karnataka,Savings,Retail,Whitefield Branch,SBIN000008,2021-05-09,9856.49,Verified
ACC100078,Nikhil Kulkarni,Male,1953-02-11,7661771159,nikhil.kulkarni739@gmail.com,Chennai,Tamil Nadu,Savings,Retail,Anna Nagar Branch,SBIN000011,2025-04-08,6532.91,Verified
ACC100079,Nikhil Kulkarni,Male,1959-03-16,9789611836,nikhil.kulkarni779@outlook.com,Delhi,Delhi,Savings,Premium,Karol Bagh Branch,SBIN000006,2021-05-08,96646.3,Verified
ACC100080,Diya Naidu,Female,1976-10-16,9565452711,diya.naidu130@yahoo.com,Bengaluru,Karnataka,Savings,Retail,Koramangala Branch,SBIN000007,2021-12-17,17992.44,Verified
ACC100081,Vivaan Kulkarni,Male,1998-11-05,9988516560,vivaan.kulkarni894@gmail.com,Chennai,Tamil Nadu,Current,Retail,T Nagar Branch,SBIN000010,2021-02-25,12781.09,Verified
ACC100082,Shreya Joshi,Female,2006-10-08,9273158514,shreya.joshi117@gmail.com,Lucknow,Uttar Pradesh,Savings,Corporate,Hazratganj Branch,SBIN000015,2024-03-06,437775.33,Verified
ACC100083,Aditya Menon,Male,1983-11-25,9445502296,aditya.menon255@gmail.com,Mumbai,Maharashtra,Savings,Premium,Bandra Branch,SBIN000002,2025-05-30,31073.52,Pending
ACC100084,Sneha Pillai,Female,1954-08-21,6675254599,sneha.pillai454@yahoo.com,Kochi,Kerala,Current,Retail,MG Road Branch,SBIN000020,2025-01-06,11812.35,Verified
ACC100085,Sneha Patel,Female,1955-07-12,9767976438,sneha.patel213@outlook.com,Chandigarh,Chandigarh,Current,Retail,Sector 17 Branch,SBIN000019,2020-11-29,23742.16,Verified
ACC100086,Anil Iyer,Male,1957-03-15,9036900343,anil.iyer706@outlook.com,Delhi,Delhi,Savings,Retail,Karol Bagh Branch,SBIN000006,2023-02-28,10804.42,Verified
ACC100087,Vivaan Mehta,Male,1995-02-09,7622683885,vivaan.mehta947@yahoo.com,Chennai,Tamil Nadu,Current,Premium,T Nagar Branch,SBIN000010,2025-02-25,109360.04,Verified
ACC100088,Anjali Menon,Female,1954-10-12,9596966416,anjali.menon847@gmail.com,Bengaluru,Karnataka,Savings,Retail,Koramangala Branch,SBIN000007,2025-09-26,22801.87,Verified
ACC100089,Reyansh Trivedi,Male,1951-10-23,9369681645,reyansh.trivedi480@outlook.com,Chennai,Tamil Nadu,Savings,Premium,T Nagar Branch,SBIN000010,2022-07-15,77089.95,Verified
ACC100090,Kartik Shah,Male,1963-06-15,8355231243,kartik.shah753@yahoo.com,Indore,Madhya Pradesh,Savings,Retail,Vijay Nagar Branch,SBIN000017,2025-03-30,22346.15,Verified
ACC100091,Saanvi Iyer,Female,1960-08-30,9979955271,saanvi.iyer784@outlook.com,Bengaluru,Karnataka,Salary,Premium,Whitefield Branch,SBIN000008,2021-07-05,143602.22,Verified
ACC100092,Swati Verma,Female,1977-10-19,8147700541,swati.verma600@yahoo.com,Delhi,Delhi,Savings,Retail,Karol Bagh Branch,SBIN000006,2024-05-12,5355.74,Verified
ACC100093,Shreya Iyer,Female,1987-12-29,6798079359,shreya.iyer338@yahoo.com,Nagpur,Maharashtra,Savings,Retail,Sitabuldi Branch,SBIN000016,2026-06-04,21585.59,Verified
ACC100094,Ishita Bansal,Female,1978-03-10,9820377889,ishita.bansal332@gmail.com,Ahmedabad,Gujarat,Salary,Retail,Navrangpura Branch,SBIN000013,2021-07-01,8548.41,Verified
ACC100095,Pooja Pandey,Female,1959-10-23,9051518644,pooja.pandey56@gmail.com,Indore,Madhya Pradesh,Salary,Retail,Vijay Nagar Branch,SBIN000017,2022-10-27,12087.43,Verified
ACC100096,Vikram Malhotra,Male,1992-07-30,9546291486,vikram.malhotra950@yahoo.com,Nagpur,Maharashtra,Current,Premium,Sitabuldi Branch,SBIN000016,2024-07-06,91398.55,Verified
ACC100097,Sanjay Joshi,Male,1987-12-04,8505423573,sanjay.joshi319@outlook.com,Pune,Maharashtra,Savings,Retail,Hinjewadi Branch,SBIN000004,2022-07-23,18034.79,Verified
ACC100098,Manav Iyer,Male,1963-09-28,8805929622,manav.iyer853@gmail.com,Bengaluru,Karnataka,Salary,Premium,Whitefield Branch,SBIN000008,2021-06-02,35270.6,Verified
ACC100099,Sanjay Patel,Male,1961-02-02,9379473834,sanjay.patel468@outlook.com,Indore,Madhya Pradesh,Current,Retail,Vijay Nagar Branch,SBIN000017,2024-09-23,12333.27,Verified
ACC100100,Krishna Yadav,Male,2006-08-10,7468862392,krishna.yadav809@yahoo.com,Kochi,Kerala,Savings,Premium,MG Road Branch,SBIN000020,2025-04-10,55912.16,Verified
ACC100101,Pranav Deshmukh,Male,2001-03-27,8141247826,pranav.deshmukh676@yahoo.com,Hyderabad,Telangana,Salary,Retail,Banjara Hills Branch,SBIN000009,2020-11-28,15086.51,Verified
ACC100102,Divya Kulkarni,Female,1955-12-02,9685361530,divya.kulkarni330@gmail.com,Nagpur,Maharashtra,Savings,Retail,Sitabuldi Branch,SBIN000016,2026-01-10,11928.27,Verified
ACC100103,Kavya Menon,Female,1969-01-31,9727790104,kavya.menon723@yahoo.com,Ahmedabad,Gujarat,Savings,Premium,Navrangpura Branch,SBIN000013,2021-03-10,116811.67,Verified
ACC100104,Anil Trivedi,Male,1963-02-09,9103697117,anil.trivedi891@gmail.com,Delhi,Delhi,Savings,Retail,Connaught Place Branch,SBIN000005,2021-06-28,15164.33,Verified
ACC100105,Divya Nair,Female,1985-03-18,9953962185,divya.nair994@gmail.com,Indore,Madhya Pradesh,Salary,Retail,Vijay Nagar Branch,SBIN000017,2020-09-11,21902.39,Verified
ACC100106,Pranav Shah,Male,1954-07-11,6540515319,pranav.shah691@outlook.com,Chennai,Tamil Nadu,Current,Retail,Anna Nagar Branch,SBIN000011,2023-09-26,8885.57,Verified
ACC100107,Aryan Agarwal,Male,1993-03-29,9772217043,aryan.agarwal944@yahoo.com,Nagpur,Maharashtra,Salary,Retail,Sitabuldi Branch,SBIN000016,2022-07-31,16147.86,Verified
ACC100108,Kavita Iyer,Female,1953-02-21,6874034505,kavita.iyer171@outlook.com,Jaipur,Rajasthan,Salary,Premium,C Scheme Branch,SBIN000014,2021-10-15,33065.94,Verified
ACC100109,Aarav Verma,Male,1966-06-13,9277584161,aarav.verma544@yahoo.com,Chennai,Tamil Nadu,Current,Retail,Anna Nagar Branch,SBIN000011,2025-05-13,4493.68,Verified
ACC100110,Aarti Rao,Female,1975-07-30,9154479627,aarti.rao510@outlook.com,Delhi,Delhi,Savings,Retail,Karol Bagh Branch,SBIN000006,2026-07-13,17395.23,Verified
ACC100111,Yash Agarwal,Male,1970-12-28,9165820297,yash.agarwal295@outlook.com,Hyderabad,Telangana,Savings,Retail,Banjara Hills Branch,SBIN000009,2020-11-07,12166.08,Verified
ACC100112,Aadhya Bose,Female,1952-08-14,9927557192,aadhya.bose468@yahoo.com,Kolkata,West Bengal,Salary,Retail,Salt Lake Branch,SBIN000012,2020-12-31,17567.52,Pending
ACC100113,Kartik Pandey,Male,1981-04-23,9786814473,kartik.pandey717@yahoo.com,Nagpur,Maharashtra,Savings,Retail,Sitabuldi Branch,SBIN000016,2022-12-21,8100.94,Verified
ACC100114,Harsh Bansal,Male,2008-05-22,9727155188,harsh.bansal51@outlook.com,Ahmedabad,Gujarat,Savings,Retail,Navrangpura Branch,SBIN000013,2022-04-20,18872.05,Verified
ACC100115,Bhavna Mishra,Female,1967-06-11,9132370589,bhavna.mishra195@outlook.com,Chennai,Tamil Nadu,Current,Retail,T Nagar Branch,SBIN000010,2022-05-22,6256.11,Verified
ACC100116,Gaurav Kapoor,Male,1971-12-31,9678669125,gaurav.kapoor452@gmail.com,Delhi,Delhi,Current,Premium,Connaught Place Branch,SBIN000005,2025-05-22,60161.27,Verified
ACC100117,Kavita Reddy,Female,1987-11-09,9268018242,kavita.reddy806@outlook.com,Pune,Maharashtra,Salary,Retail,Shivaji Nagar Branch,SBIN000003,2023-04-13,5819.08,Verified
ACC100118,Neha Deshmukh,Female,1959-12-30,9438424981,neha.deshmukh494@yahoo.com,Indore,Madhya Pradesh,Salary,Premium,Vijay Nagar Branch,SBIN000017,2026-03-03,127209.68,Verified
ACC100119,Priya Trivedi,Female,1979-10-02,9900109439,priya.trivedi693@outlook.com,Pune,Maharashtra,Savings,Retail,Hinjewadi Branch,SBIN000004,2021-08-09,6414.75,Verified
ACC100120,Pooja Pandey,Female,1974-10-06,7364710276,pooja.pandey466@yahoo.com,Surat,Gujarat,Savings,Premium,Adajan Branch,SBIN000018,2024-05-29,89754.4,Verified
ACC100121,Ritu Shah,Female,1978-09-08,6258815371,ritu.shah483@gmail.com,Chandigarh,Chandigarh,Savings,Retail,Sector 17 Branch,SBIN000019,2021-10-25,17196.08,Verified
ACC100122,Kritika Kumar,Female,1966-02-11,9632595327,kritika.kumar310@outlook.com,Kochi,Kerala,Savings,Retail,MG Road Branch,SBIN000020,2022-01-28,22825.3,Verified
ACC100123,Arjun Verma,Male,2008-05-14,6873395004,arjun.verma139@yahoo.com,Mumbai,Maharashtra,Savings,Retail,Bandra Branch,SBIN000002,2023-05-20,22294.22,Verified
ACC100124,Anil Kapoor,Male,1979-04-22,9624565060,anil.kapoor102@yahoo.com,Surat,Gujarat,Savings,Premium,Adajan Branch,SBIN000018,2025-11-09,73934.99,Verified
ACC100125,Riya Verma,Female,1983-09-05,7849912165,riya.verma703@yahoo.com,Kolkata,West Bengal,Savings,Retail,Salt Lake Branch,SBIN000012,2021-10-04,9704.46,Verified
ACC100126,Anjali Singh,Female,1996-09-14,8680002578,anjali.singh466@gmail.com,Mumbai,Maharashtra,Savings,Retail,Bandra Branch,SBIN000002,2022-08-15,21352.8,Verified
ACC100127,Anjali Agarwal,Female,1977-02-08,9694958887,anjali.agarwal806@outlook.com,Kochi,Kerala,Salary,Retail,MG Road Branch,SBIN000020,2024-03-18,24731.7,Verified
ACC100128,Harsh Malhotra,Male,1991-09-16,6940974993,harsh.malhotra152@outlook.com,Surat,Gujarat,Savings,Retail,Adajan Branch,SBIN000018,2022-05-21,8885.43,Verified
ACC100129,Naveen Reddy,Male,1992-06-10,9309130756,naveen.reddy135@gmail.com,Delhi,Delhi,Savings,Premium,Connaught Place Branch,SBIN000005,2024-01-29,132638.23,Verified
ACC100130,Pranav Mehta,Male,1959-05-21,9283857865,pranav.mehta539@gmail.com,Chandigarh,Chandigarh,Savings,Retail,Sector 17 Branch,SBIN000019,2024-09-18,18801.23,Verified
ACC100131,Shreya Bose,Female,2006-02-02,9733484344,shreya.bose45@outlook.com,Kolkata,West Bengal,Savings,Retail,Salt Lake Branch,SBIN000012,2023-05-04,23689.98,Verified
ACC100132,Radhika Bansal,Female,1991-06-27,8441986652,radhika.bansal868@yahoo.com,Indore,Madhya Pradesh,Savings,Retail,Vijay Nagar Branch,SBIN000017,2024-09-17,24966.08,Verified
ACC100133,Vihaan Joshi,Male,1967-06-13,7338484219,vihaan.joshi282@outlook.com,Lucknow,Uttar Pradesh,Savings,Retail,Hazratganj Branch,SBIN000015,2022-04-25,2576.37,Verified
ACC100134,Kritika Chopra,Female,1993-07-28,9165712082,kritika.chopra441@gmail.com,Chennai,Tamil Nadu,Savings,Retail,Anna Nagar Branch,SBIN000011,2022-01-09,13133.23,Verified
ACC100135,Diya Pandey,Female,1974-03-15,9401938026,diya.pandey348@yahoo.com,Surat,Gujarat,Current,Retail,Adajan Branch,SBIN000018,2026-03-04,6483.85,Verified
ACC100136,Nikhil Nair,Male,2001-10-09,9004991547,nikhil.nair946@yahoo.com,Chennai,Tamil Nadu,Savings,Retail,Anna Nagar Branch,SBIN000011,2021-08-24,4663.33,Verified
ACC100137,Harsh Iyer,Male,2007-12-21,9315274205,harsh.iyer62@outlook.com,Pune,Maharashtra,Savings,Premium,Shivaji Nagar Branch,SBIN000003,2023-11-02,36915.01,Verified
ACC100138,Kritika Kumar,Female,1996-06-19,6851612275,kritika.kumar938@outlook.com,Pune,Maharashtra,Savings,Premium,Hinjewadi Branch,SBIN000004,2023-12-26,74981.79,Pending
ACC100139,Kabir Pillai,Male,2004-11-17,9499045301,kabir.pillai230@gmail.com,Chennai,Tamil Nadu,Savings,Retail,T Nagar Branch,SBIN000010,2020-08-21,16761.67,Verified
ACC100140,Amit Singh,Male,1977-08-05,9332727956,amit.singh998@outlook.com,Pune,Maharashtra,Current,Retail,Hinjewadi Branch,SBIN000004,2021-07-20,21283.72,Verified
ACC100141,Anjali Kulkarni,Female,1991-04-25,8785191088,anjali.kulkarni280@outlook.com,Mumbai,Maharashtra,Savings,Retail,Andheri Branch,SBIN000001,2026-01-15,1694.88,Verified
ACC100142,Tanvi Kumar,Female,1962-04-29,9397187072,tanvi.kumar146@outlook.com,Kolkata,West Bengal,Savings,Premium,Salt Lake Branch,SBIN000012,2023-10-19,72101.96,Verified
ACC100143,Saanvi Iyer,Female,1980-05-15,9640391065,saanvi.iyer739@yahoo.com,Indore,Madhya Pradesh,Savings,Retail,Vijay Nagar Branch,SBIN000017,2023-04-28,9881.27,Verified
ACC100144,Swati Pillai,Female,1991-03-23,9622656766,swati.pillai84@yahoo.com,Pune,Maharashtra,Salary,Retail,Shivaji Nagar Branch,SBIN000003,2023-10-29,2194.3,Verified
ACC100145,Manav Joshi,Male,1955-04-04,8682300478,manav.joshi441@gmail.com,Kochi,Kerala,Savings,Retail,MG Road Branch,SBIN000020,2026-05-06,3731.62,Verified
ACC100146,Anil Menon,Male,1975-03-15,9431069033,anil.menon57@gmail.com,Nagpur,Maharashtra,Savings,Retail,Sitabuldi Branch,SBIN000016,2022-11-10,24626.7,Verified
ACC100147,Krishna Malhotra,Male,1954-07-03,9673830284,krishna.malhotra441@gmail.com,Delhi,Delhi,Current,Retail,Connaught Place Branch,SBIN000005,2024-02-21,12937.25,Verified
ACC100148,Amit Chopra,Male,1964-03-07,9428364408,amit.chopra883@outlook.com,Bengaluru,Karnataka,Savings,Premium,Whitefield Branch,SBIN000008,2026-01-22,29369.81,Verified
ACC100149,Aarav Bose,Male,2005-08-13,9568566246,aarav.bose428@yahoo.com,Pune,Maharashtra,Salary,Retail,Shivaji Nagar Branch,SBIN000003,2025-11-04,18027.98,Verified
ACC100150,Aarav Kumar,Male,1961-04-07,7086688263,aarav.kumar91@yahoo.com,Delhi,Delhi,Salary,Retail,Karol Bagh Branch,SBIN000006,2023-10-22,23074.47,Verified
ACC100151,Kavya Chatterjee,Female,1965-05-23,8304699013,kavya.chatterjee227@yahoo.com,Chandigarh,Chandigarh,Savings,Retail,Sector 17 Branch,SBIN000019,2022-07-26,18899.32,Verified
ACC100152,Aadhya Deshmukh,Female,1997-04-09,9033173936,aadhya.deshmukh982@outlook.com,Pune,Maharashtra,Savings,Retail,Hinjewadi Branch,SBIN000004,2024-02-07,9426.39,Verified
ACC100153,Kavya Nair,Female,2003-09-05,9445877175,kavya.nair78@gmail.com,Delhi,Delhi,Savings,Retail,Connaught Place Branch,SBIN000005,2023-11-21,19219.66,Verified
ACC100154,Anjali Joshi,Female,2003-08-20,9048996423,anjali.joshi579@outlook.com,Lucknow,Uttar Pradesh,Current,Premium,Hazratganj Branch,SBIN000015,2022-10-23,140140.05,Verified
ACC100155,Nisha Kumar,Female,1969-09-25,9777252287,nisha.kumar282@outlook.com,Chennai,Tamil Nadu,Savings,Retail,Anna Nagar Branch,SBIN000011,2022-11-11,8267.69,Verified
ACC100156,Rahul Iyer,Male,1961-04-11,9062312038,rahul.iyer661@gmail.com,Chennai,Tamil Nadu,Savings,Retail,T Nagar Branch,SBIN000010,2025-11-25,7889.85,Verified
ACC100157,Meera Das,Female,1977-01-18,8860084840,meera.das931@outlook.com,Lucknow,Uttar Pradesh,Savings,Corporate,Hazratganj Branch,SBIN000015,2020-12-16,68460.22,Verified
ACC100158,Priya Pillai,Female,1979-09-24,8233984546,priya.pillai858@yahoo.com,Nagpur,Maharashtra,Savings,Corporate,Sitabuldi Branch,SBIN000016,2024-10-04,414935.07,Verified
ACC100159,Aadhya Deshmukh,Female,1955-03-09,9101666870,aadhya.deshmukh625@gmail.com,Delhi,Delhi,Savings,Premium,Karol Bagh Branch,SBIN000006,2026-04-26,88128.91,Pending
ACC100160,Ashok Patel,Male,1987-07-14,9180339740,ashok.patel663@yahoo.com,Ahmedabad,Gujarat,Savings,Retail,Navrangpura Branch,SBIN000013,2024-10-15,19941.45,Verified
ACC100161,Vihaan Kulkarni,Male,2004-03-15,9503926142,vihaan.kulkarni895@gmail.com,Ahmedabad,Gujarat,Savings,Premium,Navrangpura Branch,SBIN000013,2024-09-05,137824.55,Verified
ACC100162,Rajesh Bansal,Male,1983-04-24,9185016315,rajesh.bansal133@outlook.com,Delhi,Delhi,Salary,Retail,Connaught Place Branch,SBIN000005,2023-12-23,16891.24,Verified
ACC100163,Aadhya Patel,Female,1985-09-13,7735866296,aadhya.patel849@outlook.com,Surat,Gujarat,Savings,Premium,Adajan Branch,SBIN000018,2024-04-04,107115.13,Verified
ACC100164,Tanvi Deshmukh,Female,1955-07-28,9626551104,tanvi.deshmukh185@gmail.com,Pune,Maharashtra,Current,Retail,Shivaji Nagar Branch,SBIN000003,2024-04-14,9702.34,Verified
ACC100165,Gaurav Joshi,Male,1976-05-24,6788861015,gaurav.joshi104@outlook.com,Bengaluru,Karnataka,Savings,Retail,Koramangala Branch,SBIN000007,2025-02-19,21266.28,Verified
ACC100166,Bhavna Kapoor,Female,1982-09-30,6618398262,bhavna.kapoor386@gmail.com,Indore,Madhya Pradesh,Savings,Retail,Vijay Nagar Branch,SBIN000017,2024-02-27,4145.18,Verified
ACC100167,Harsh Chopra,Male,1958-08-27,6464715437,harsh.chopra693@outlook.com,Kochi,Kerala,Salary,Retail,MG Road Branch,SBIN000020,2022-05-24,10860.61,Verified
ACC100168,Yash Pillai,Male,1985-01-15,6596575692,yash.pillai989@yahoo.com,Chennai,Tamil Nadu,Current,Premium,T Nagar Branch,SBIN000010,2021-10-06,51091.9,Verified
ACC100169,Ira Singh,Female,1968-01-10,6547935646,ira.singh541@yahoo.com,Chandigarh,Chandigarh,Salary,Retail,Sector 17 Branch,SBIN000019,2024-03-12,10164.94,Verified
ACC100170,Bhavna Gupta,Female,1971-10-09,8073741672,bhavna.gupta568@gmail.com,Kochi,Kerala,Savings,Retail,MG Road Branch,SBIN000020,2026-02-26,21978.81,Verified
ACC100171,Meera Pandey,Female,1987-05-03,7979688680,meera.pandey151@yahoo.com,Pune,Maharashtra,Savings,Premium,Hinjewadi Branch,SBIN000004,2022-01-15,137689.81,Verified
ACC100172,Ashok Mehta,Male,1996-06-18,9909656101,ashok.mehta383@gmail.com,Lucknow,Uttar Pradesh,Salary,Corporate,Hazratganj Branch,SBIN000015,2022-09-28,228404.28,Verified
ACC100173,Aditya Singh,Male,1965-08-10,7982507146,aditya.singh811@gmail.com,Bengaluru,Karnataka,Savings,Corporate,Whitefield Branch,SBIN000008,2023-08-23,342482.31,Verified
ACC100174,Kabir Yadav,Male,2003-12-29,7387571775,kabir.yadav6@gmail.com,Nagpur,Maharashtra,Current,Retail,Sitabuldi Branch,SBIN000016,2021-02-09,11766.44,Verified
ACC100175,Krishna Naidu,Male,1954-07-01,9382825867,krishna.naidu296@gmail.com,Delhi,Delhi,Savings,Premium,Connaught Place Branch,SBIN000005,2020-11-12,34454.29,Verified
ACC100176,Vivaan Mehta,Male,1964-01-18,9937966033,vivaan.mehta512@outlook.com,Jaipur,Rajasthan,Current,Retail,C Scheme Branch,SBIN000014,2023-01-05,21080.51,Verified
ACC100177,Anjali Deshmukh,Female,1966-09-29,9553714785,anjali.deshmukh247@outlook.com,Chandigarh,Chandigarh,Savings,Retail,Sector 17 Branch,SBIN000019,2024-10-17,15755.43,Verified
ACC100178,Anil Bansal,Male,1985-03-23,9249912513,anil.bansal806@outlook.com,Pune,Maharashtra,Savings,Retail,Shivaji Nagar Branch,SBIN000003,2024-03-29,14057.97,Pending
ACC100179,Pooja Pandey,Female,1968-04-24,9296627828,pooja.pandey366@gmail.com,Nagpur,Maharashtra,Savings,Retail,Sitabuldi Branch,SBIN000016,2021-09-09,18935.6,Verified
ACC100180,Nikhil Bansal,Male,1960-04-12,9507236887,nikhil.bansal560@yahoo.com,Pune,Maharashtra,Current,Premium,Hinjewadi Branch,SBIN000004,2022-04-27,25763.64,Verified
ACC100181,Anika Naidu,Female,1974-05-01,9034043842,anika.naidu734@yahoo.com,Lucknow,Uttar Pradesh,Salary,Retail,Hazratganj Branch,SBIN000015,2023-07-13,4236.46,Verified
ACC100182,Krishna Verma,Male,1995-11-19,9148580783,krishna.verma835@outlook.com,Bengaluru,Karnataka,Salary,Retail,Koramangala Branch,SBIN000007,2023-12-21,10557.38,Verified
ACC100183,Vivaan Malhotra,Male,2008-01-04,9517133959,vivaan.malhotra280@gmail.com,Bengaluru,Karnataka,Savings,Premium,Koramangala Branch,SBIN000007,2021-03-17,105245.08,Verified
ACC100184,Sneha Mishra,Female,1987-04-21,9584982544,sneha.mishra509@outlook.com,Ahmedabad,Gujarat,Current,Premium,Navrangpura Branch,SBIN000013,2021-08-03,146584.07,Verified
ACC100185,Ashok Trivedi,Male,1983-10-27,9223253672,ashok.trivedi843@gmail.com,Indore,Madhya Pradesh,Savings,Retail,Vijay Nagar Branch,SBIN000017,2026-04-11,11334.57,Verified
ACC100186,Priya Nair,Female,1984-02-03,9684577590,priya.nair171@outlook.com,Pune,Maharashtra,Savings,Retail,Shivaji Nagar Branch,SBIN000003,2022-03-14,18223.91,Verified
ACC100187,Yash Verma,Male,2000-12-30,8636374545,yash.verma59@gmail.com,Kolkata,West Bengal,Savings,Retail,Salt Lake Branch,SBIN000012,2025-08-25,19995.47,Verified
ACC100188,Pooja Singh,Female,1982-05-06,9701277063,pooja.singh623@outlook.com,Indore,Madhya Pradesh,Salary,Retail,Vijay Nagar Branch,SBIN000017,2021-05-18,4426.71,Pending
ACC100189,Ananya Reddy,Female,2008-05-08,9415206436,ananya.reddy34@outlook.com,Pune,Maharashtra,Savings,Retail,Shivaji Nagar Branch,SBIN000003,2026-01-07,23787.21,Verified
ACC100190,Yash Singh,Male,1988-08-14,9938700516,yash.singh322@outlook.com,Kolkata,West Bengal,Savings,Retail,Salt Lake Branch,SBIN000012,2024-10-16,9806.8,Verified
ACC100191,Vihaan Sharma,Male,1990-11-09,9554262218,vihaan.sharma267@outlook.com,Delhi,Delhi,Savings,Retail,Karol Bagh Branch,SBIN000006,2023-06-12,7282.64,Verified
ACC100192,Vikram Patel,Male,1983-04-10,9697311219,vikram.patel731@yahoo.com,Nagpur,Maharashtra,Savings,Retail,Sitabuldi Branch,SBIN000016,2024-03-27,5143.75,Verified
ACC100193,Aarti Bansal,Female,1992-12-10,9138999404,aarti.bansal308@gmail.com,Chennai,Tamil Nadu,Current,Premium,Anna Nagar Branch,SBIN000011,2022-09-11,57747.1,Verified
ACC100194,Tanvi Chopra,Female,1962-07-08,9761379180,tanvi.chopra143@gmail.com,Delhi,Delhi,Current,Retail,Karol Bagh Branch,SBIN000006,2024-03-20,5823.53,Verified
ACC100195,Saanvi Singh,Female,2007-11-04,9827109104,saanvi.singh906@gmail.com,Surat,Gujarat,Savings,Retail,Adajan Branch,SBIN000018,2026-03-02,4114.51,Pending
ACC100196,Kartik Chopra,Male,1963-02-11,6661889241,kartik.chopra996@yahoo.com,Nagpur,Maharashtra,Savings,Premium,Sitabuldi Branch,SBIN000016,2026-02-05,29587.59,Verified
ACC100197,Divya Bose,Female,1968-07-29,6914630316,divya.bose187@gmail.com,Indore,Madhya Pradesh,Savings,Premium,Vijay Nagar Branch,SBIN000017,2023-08-25,103173.21,Verified
ACC100198,Ashok Pandey,Male,1957-04-30,9202758842,ashok.pandey958@outlook.com,Mumbai,Maharashtra,Salary,Retail,Bandra Branch,SBIN000002,2024-03-31,4887.21,Verified
ACC100199,Rahul Mishra,Male,1972-03-03,6481491778,rahul.mishra129@outlook.com,Chennai,Tamil Nadu,Salary,Retail,T Nagar Branch,SBIN000010,2025-01-25,14220.19,Verified
ACC100200,Amit Iyer,Male,1971-06-28,9913800030,amit.iyer640@outlook.com,Indore,Madhya Pradesh,Current,Retail,Vijay Nagar Branch,SBIN000017,2023-07-30,5108.81,Verified
ACC100201,Priya Naidu,Female,1977-12-18,6353654195,priya.naidu790@outlook.com,Chandigarh,Chandigarh,Savings,Premium,Sector 17 Branch,SBIN000019,2022-11-18,143311.09,Verified
ACC100202,Krishna Malhotra,Male,1957-07-11,9617445187,krishna.malhotra297@outlook.com,Chandigarh,Chandigarh,Savings,Retail,Sector 17 Branch,SBIN000019,2024-08-11,16051.94,Verified
ACC100203,Shreya Mehta,Female,1951-01-23,9973832060,shreya.mehta496@yahoo.com,Ahmedabad,Gujarat,Savings,Retail,Navrangpura Branch,SBIN000013,2021-10-17,11550.53,Verified
ACC100204,Vikram Reddy,Male,1964-02-12,9138367024,vikram.reddy409@gmail.com,Chennai,Tamil Nadu,Salary,Retail,Anna Nagar Branch,SBIN000011,2022-08-31,9288.89,Pending
ACC100205,Meera Kulkarni,Female,1955-12-30,9182619906,meera.kulkarni100@gmail.com,Pune,Maharashtra,Savings,Retail,Hinjewadi Branch,SBIN000004,2026-02-02,6950.05,Verified
ACC100206,Kartik Pandey,Male,1989-01-08,9574313291,kartik.pandey957@outlook.com,Kochi,Kerala,Savings,Corporate,MG Road Branch,SBIN000020,2021-05-18,416065.03,Verified
ACC100207,Ira Malhotra,Female,1959-08-13,8537474112,ira.malhotra24@gmail.com,Delhi,Delhi,Savings,Retail,Karol Bagh Branch,SBIN000006,2021-07-30,8404.97,Verified
ACC100208,Meera Bose,Female,1997-06-10,9356804420,meera.bose904@outlook.com,Bengaluru,Karnataka,Savings,Retail,Whitefield Branch,SBIN000008,2022-05-31,12877.46,Verified
ACC100209,Ishita Kulkarni,Female,2005-10-28,9100323651,ishita.kulkarni783@yahoo.com,Mumbai,Maharashtra,Salary,Retail,Andheri Branch,SBIN000001,2025-09-10,18460.19,Verified
ACC100210,Kartik Verma,Male,1984-05-17,7215107029,kartik.verma462@outlook.com,Chandigarh,Chandigarh,Savings,Retail,Sector 17 Branch,SBIN000019,2022-02-21,10272.37,Verified
ACC100211,Vikram Bansal,Male,1975-09-22,9532447209,vikram.bansal348@outlook.com,Kochi,Kerala,Savings,Corporate,MG Road Branch,SBIN000020,2024-12-01,407703.75,Verified
ACC100212,Deepika Reddy,Female,1986-07-07,7014626383,deepika.reddy731@yahoo.com,Bengaluru,Karnataka,Savings,Retail,Koramangala Branch,SBIN000007,2022-01-24,1933.94,Verified
ACC100213,Meera Bose,Female,1987-03-09,8759856420,meera.bose167@yahoo.com,Delhi,Delhi,Savings,Retail,Connaught Place Branch,SBIN000005,2025-05-19,15713.63,Verified
ACC100214,Kavita Naidu,Female,1969-02-04,9932133480,kavita.naidu577@yahoo.com,Chennai,Tamil Nadu,Savings,Retail,T Nagar Branch,SBIN000010,2021-11-26,12756.32,Verified
ACC100215,Aarav Singh,Male,1994-12-01,9955905992,aarav.singh743@outlook.com,Chennai,Tamil Nadu,Current,Corporate,Anna Nagar Branch,SBIN000011,2026-04-01,408539.67,Verified
ACC100216,Nisha Joshi,Female,1983-04-06,7010393087,nisha.joshi739@gmail.com,Hyderabad,Telangana,Salary,Premium,Banjara Hills Branch,SBIN000009,2021-09-20,95092.47,Verified
ACC100217,Anika Deshmukh,Female,1950-08-22,9002921851,anika.deshmukh587@outlook.com,Kochi,Kerala,Current,Retail,MG Road Branch,SBIN000020,2026-01-26,6812.72,Verified
ACC100218,Aarav Bose,Male,1972-04-08,9522675289,aarav.bose627@yahoo.com,Chennai,Tamil Nadu,Savings,Retail,Anna Nagar Branch,SBIN000011,2026-03-19,13043.67,Verified
ACC100219,Kavita Kapoor,Female,1996-03-31,9209690295,kavita.kapoor490@outlook.com,Mumbai,Maharashtra,Current,Retail,Bandra Branch,SBIN000002,2021-12-05,24954.95,Verified
ACC100220,Reyansh Bose,Male,2004-01-09,9513552157,reyansh.bose659@outlook.com,Surat,Gujarat,Savings,Retail,Adajan Branch,SBIN000018,2026-05-14,18302.19,Verified
ACC100221,Siddharth Gupta,Male,1951-04-06,9067626765,siddharth.gupta790@yahoo.com,Bengaluru,Karnataka,Savings,Retail,Whitefield Branch,SBIN000008,2021-11-06,24574.25,Pending
ACC100222,Sunita Chopra,Female,1982-04-09,7104054115,sunita.chopra281@yahoo.com,Nagpur,Maharashtra,Savings,Retail,Sitabuldi Branch,SBIN000016,2021-03-15,20089.73,Pending
ACC100223,Anil Kulkarni,Male,1960-06-19,9970629620,anil.kulkarni150@yahoo.com,Ahmedabad,Gujarat,Salary,Retail,Navrangpura Branch,SBIN000013,2022-11-02,19553.54,Verified
ACC100224,Sanjay Iyer,Male,1956-06-22,9443106987,sanjay.iyer848@outlook.com,Kolkata,West Bengal,Salary,Retail,Salt Lake Branch,SBIN000012,2021-10-28,6135.68,Verified
ACC100225,Amit Chopra,Male,1959-07-05,7310324171,amit.chopra686@outlook.com,Hyderabad,Telangana,Savings,Retail,Banjara Hills Branch,SBIN000009,2022-10-01,6818.99,Verified
ACC100226,Ishaan Verma,Male,1968-06-26,6256527047,ishaan.verma6@outlook.com,Pune,Maharashtra,Savings,Premium,Hinjewadi Branch,SBIN000004,2022-12-20,120199.59,Verified
ACC100227,Anika Chatterjee,Female,1977-07-29,9158693806,anika.chatterjee662@gmail.com,Nagpur,Maharashtra,Savings,Retail,Sitabuldi Branch,SBIN000016,2021-12-12,8708.02,Pending
ACC100228,Aadhya Agarwal,Female,1998-01-25,9160898992,aadhya.agarwal944@gmail.com,Chandigarh,Chandigarh,Savings,Premium,Sector 17 Branch,SBIN000019,2023-02-04,24848.77,Verified
ACC100229,Harsh Rao,Male,1957-07-30,9061632945,harsh.rao986@yahoo.com,Mumbai,Maharashtra,Salary,Retail,Bandra Branch,SBIN000002,2025-02-10,23478.61,Verified
ACC100230,Saanvi Patel,Female,2003-06-06,6854870998,saanvi.patel657@outlook.com,Chandigarh,Chandigarh,Savings,Corporate,Sector 17 Branch,SBIN000019,2026-01-18,254457.09,Verified
ACC100231,Deepak Reddy,Male,1995-12-10,9119148564,deepak.reddy470@outlook.com,Indore,Madhya Pradesh,Savings,Retail,Vijay Nagar Branch,SBIN000017,2021-04-08,4899.86,Verified
ACC100232,Reyansh Sharma,Male,1972-10-25,6299606530,reyansh.sharma877@outlook.com,Chennai,Tamil Nadu,Current,Retail,Anna Nagar Branch,SBIN000011,2023-06-30,5211.88,Verified
ACC100233,Bhavna Chatterjee,Female,1993-11-08,9471324754,bhavna.chatterjee489@yahoo.com,Indore,Madhya Pradesh,Savings,Retail,Vijay Nagar Branch,SBIN000017,2026-02-01,24560.44,Verified
ACC100234,Saanvi Shah,Female,1992-11-14,6785082148,saanvi.shah741@outlook.com,Ahmedabad,Gujarat,Savings,Premium,Navrangpura Branch,SBIN000013,2024-03-16,59252.96,Pending
ACC100235,Suresh Singh,Male,1973-12-30,9307053457,suresh.singh515@outlook.com,Bengaluru,Karnataka,Savings,Retail,Whitefield Branch,SBIN000008,2025-04-02,10730.0,Verified
ACC100236,Sunita Nair,Female,1979-11-25,7972798552,sunita.nair466@outlook.com,Chennai,Tamil Nadu,Savings,Retail,T Nagar Branch,SBIN000010,2024-05-21,12476.37,Pending
ACC100237,Neha Chatterjee,Female,1999-03-09,9293333468,neha.chatterjee781@gmail.com,Surat,Gujarat,Salary,Premium,Adajan Branch,SBIN000018,2022-02-21,127328.46,Verified
ACC100238,Nisha Pandey,Female,1951-10-06,9034944665,nisha.pandey115@gmail.com,Pune,Maharashtra,Savings,Retail,Shivaji Nagar Branch,SBIN000003,2025-04-01,23013.87,Verified
ACC100239,Sakshi Deshmukh,Female,1977-03-22,9108589944,sakshi.deshmukh120@outlook.com,Bengaluru,Karnataka,Savings,Retail,Koramangala Branch,SBIN000007,2021-11-25,13488.2,Verified
ACC100240,Rajesh Joshi,Male,1990-04-19,9432830965,rajesh.joshi426@yahoo.com,Pune,Maharashtra,Salary,Retail,Shivaji Nagar Branch,SBIN000003,2023-06-21,4166.66,Verified
ACC100241,Kritika Bose,Female,1990-01-31,6609935387,kritika.bose593@gmail.com,Chennai,Tamil Nadu,Current,Retail,T Nagar Branch,SBIN000010,2024-11-24,18899.31,Verified
ACC100242,Dhruv Chopra,Male,2003-03-07,9172482513,dhruv.chopra484@gmail.com,Pune,Maharashtra,Savings,Retail,Shivaji Nagar Branch,SBIN000003,2024-08-08,24667.29,Verified
ACC100243,Reyansh Malhotra,Male,1971-03-17,9947170999,reyansh.malhotra913@yahoo.com,Delhi,Delhi,Current,Corporate,Connaught Place Branch,SBIN000005,2025-01-13,239162.87,Verified
ACC100244,Ashok Yadav,Male,1954-09-24,6022356972,ashok.yadav670@yahoo.com,Ahmedabad,Gujarat,Savings,Retail,Navrangpura Branch,SBIN000013,2025-11-25,13943.21,Verified
ACC100245,Amit Das,Male,1968-12-13,9007432927,amit.das306@yahoo.com,Indore,Madhya Pradesh,Savings,Corporate,Vijay Nagar Branch,SBIN000017,2024-11-12,390280.74,Verified
ACC100246,Kritika Chatterjee,Female,1996-02-22,6676008350,kritika.chatterjee194@outlook.com,Surat,Gujarat,Savings,Retail,Adajan Branch,SBIN000018,2025-03-31,4722.91,Verified
ACC100247,Ananya Trivedi,Female,2002-05-04,9542168942,ananya.trivedi69@gmail.com,Jaipur,Rajasthan,Savings,Corporate,C Scheme Branch,SBIN000014,2025-02-09,158299.83,Verified
ACC100248,Divya Pillai,Female,1954-05-22,8562575326,divya.pillai773@gmail.com,Mumbai,Maharashtra,Savings,Retail,Bandra Branch,SBIN000002,2020-11-14,13954.24,Verified
ACC100249,Kabir Mehta,Male,1951-09-17,8215064890,kabir.mehta310@gmail.com,Chandigarh,Chandigarh,Savings,Retail,Sector 17 Branch,SBIN000019,2021-12-08,8695.96,Verified
ACC100250,Meera Mehta,Female,1985-01-18,6761847230,meera.mehta934@gmail.com,Jaipur,Rajasthan,Savings,Retail,C Scheme Branch,SBIN000014,2020-11-19,22113.13,Pending
ACC100251,Sneha Kulkarni,Female,1968-01-25,6189141173,sneha.kulkarni538@yahoo.com,Nagpur,Maharashtra,Savings,Retail,Sitabuldi Branch,SBIN000016,2024-07-17,10147.71,Verified
ACC100252,Sneha Reddy,Female,1985-12-03,9087375300,sneha.reddy308@outlook.com,Chennai,Tamil Nadu,Savings,Premium,T Nagar Branch,SBIN000010,2025-03-27,130414.32,Verified
ACC100253,Yash Yadav,Male,1989-07-22,9143744701,yash.yadav249@yahoo.com,Mumbai,Maharashtra,Savings,Corporate,Bandra Branch,SBIN000002,2026-01-02,110341.74,Verified
ACC100254,Suresh Iyer,Male,1997-10-07,9100225579,suresh.iyer275@yahoo.com,Lucknow,Uttar Pradesh,Salary,Retail,Hazratganj Branch,SBIN000015,2025-10-23,5571.56,Verified
ACC100255,Nisha Verma,Female,1966-03-01,6674676212,nisha.verma491@gmail.com,Pune,Maharashtra,Savings,Premium,Shivaji Nagar Branch,SBIN000003,2024-12-19,92650.56,Verified
ACC100256,Priya Patel,Female,1990-12-24,7972965902,priya.patel773@yahoo.com,Mumbai,Maharashtra,Savings,Retail,Andheri Branch,SBIN000001,2020-12-12,18925.1,Verified
ACC100257,Sunita Pillai,Female,1978-08-15,9508993588,sunita.pillai478@outlook.com,Bengaluru,Karnataka,Savings,Retail,Koramangala Branch,SBIN000007,2023-07-05,7793.42,Verified
ACC100258,Ishita Shah,Female,1990-07-09,6289002877,ishita.shah481@yahoo.com,Kolkata,West Bengal,Savings,Retail,Salt Lake Branch,SBIN000012,2024-04-13,24551.64,Verified
ACC100259,Neha Kumar,Female,2001-01-10,9083866317,neha.kumar567@outlook.com,Jaipur,Rajasthan,Savings,Premium,C Scheme Branch,SBIN000014,2021-01-16,22108.59,Verified
ACC100260,Sneha Patel,Female,1976-05-13,9701660880,sneha.patel564@outlook.com,Delhi,Delhi,Savings,Retail,Connaught Place Branch,SBIN000005,2024-01-06,6897.52,Verified
ACC100261,Priya Shah,Female,1998-07-03,7550375899,priya.shah815@yahoo.com,Nagpur,Maharashtra,Salary,Retail,Sitabuldi Branch,SBIN000016,2025-04-26,5037.61,Verified
ACC100262,Nikhil Kulkarni,Male,1978-01-16,9554885102,nikhil.kulkarni537@gmail.com,Nagpur,Maharashtra,Savings,Premium,Sitabuldi Branch,SBIN000016,2024-07-07,144440.8,Pending
ACC100263,Aadhya Naidu,Female,1979-02-28,9316373516,aadhya.naidu725@gmail.com,Mumbai,Maharashtra,Current,Retail,Bandra Branch,SBIN000002,2025-07-01,6554.4,Verified
ACC100264,Rahul Bose,Male,1953-04-19,8270808697,rahul.bose676@yahoo.com,Kolkata,West Bengal,Savings,Retail,Salt Lake Branch,SBIN000012,2024-05-16,22906.03,Pending
ACC100265,Amit Kulkarni,Male,2004-03-19,9699586693,amit.kulkarni18@outlook.com,Jaipur,Rajasthan,Savings,Retail,C Scheme Branch,SBIN000014,2025-04-03,24459.5,Verified
ACC100266,Ritu Chatterjee,Female,1966-06-21,6984858333,ritu.chatterjee540@yahoo.com,Delhi,Delhi,Savings,Retail,Karol Bagh Branch,SBIN000006,2026-05-05,5606.37,Verified
ACC100267,Riya Trivedi,Female,1986-10-20,8515879968,riya.trivedi714@gmail.com,Ahmedabad,Gujarat,Savings,Corporate,Navrangpura Branch,SBIN000013,2022-05-01,159443.55,Verified
ACC100268,Harsh Pandey,Male,1967-03-09,6200342442,harsh.pandey389@yahoo.com,Pune,Maharashtra,Current,Premium,Shivaji Nagar Branch,SBIN000003,2025-08-25,32155.07,Verified
ACC100269,Ananya Agarwal,Female,1999-04-15,9719838638,ananya.agarwal340@outlook.com,Mumbai,Maharashtra,Current,Retail,Andheri Branch,SBIN000001,2024-09-18,16477.77,Verified
ACC100270,Diya Mishra,Female,1996-02-03,6580043973,diya.mishra581@yahoo.com,Indore,Madhya Pradesh,Salary,Retail,Vijay Nagar Branch,SBIN000017,2025-05-12,17614.91,Verified
ACC100271,Ashok Iyer,Male,2003-06-20,9347212281,ashok.iyer323@gmail.com,Hyderabad,Telangana,Salary,Retail,Banjara Hills Branch,SBIN000009,2024-10-18,23290.39,Verified
ACC100272,Swati Reddy,Female,1972-06-23,9057202590,swati.reddy870@yahoo.com,Ahmedabad,Gujarat,Salary,Retail,Navrangpura Branch,SBIN000013,2023-02-25,14600.7,Verified
ACC100273,Kritika Kumar,Female,1995-06-23,9158328182,kritika.kumar513@outlook.com,Ahmedabad,Gujarat,Current,Retail,Navrangpura Branch,SBIN000013,2024-04-29,18379.93,Pending
ACC100274,Ananya Nair,Female,1974-09-22,9554398780,ananya.nair610@yahoo.com,Jaipur,Rajasthan,Savings,Retail,C Scheme Branch,SBIN000014,2023-10-20,15732.77,Verified
ACC100275,Priya Sharma,Female,1957-04-03,9561648408,priya.sharma385@yahoo.com,Hyderabad,Telangana,Current,Retail,Banjara Hills Branch,SBIN000009,2022-08-30,14272.91,Verified
ACC100276,Rajesh Bansal,Male,1998-04-14,9581128801,rajesh.bansal85@yahoo.com,Ahmedabad,Gujarat,Savings,Retail,Navrangpura Branch,SBIN000013,2022-11-01,18114.6,Verified
ACC100277,Sanjay Trivedi,Male,1962-10-29,8612075011,sanjay.trivedi316@yahoo.com,Delhi,Delhi,Current,Retail,Connaught Place Branch,SBIN000005,2024-05-08,1124.69,Verified
ACC100278,Rohan Nair,Male,1953-09-30,6676650618,rohan.nair106@gmail.com,Delhi,Delhi,Savings,Retail,Connaught Place Branch,SBIN000005,2025-05-02,13298.58,Verified
ACC100279,Amit Iyer,Male,1950-12-10,9814491476,amit.iyer398@gmail.com,Kochi,Kerala,Savings,Retail,MG Road Branch,SBIN000020,2024-11-22,8004.34,Verified
ACC100280,Kritika Mishra,Female,1973-07-08,9684245088,kritika.mishra309@yahoo.com,Bengaluru,Karnataka,Savings,Retail,Whitefield Branch,SBIN000008,2024-07-15,4332.16,Verified
ACC100281,Aditya Rao,Male,1958-10-20,9353682223,aditya.rao967@gmail.com,Jaipur,Rajasthan,Savings,Retail,C Scheme Branch,SBIN000014,2020-11-05,9667.0,Verified
ACC100282,Shreya Pillai,Female,1986-05-19,8781414139,shreya.pillai341@outlook.com,Kochi,Kerala,Savings,Retail,MG Road Branch,SBIN000020,2022-02-08,23771.76,Verified
ACC100283,Naveen Kumar,Male,1978-11-10,9135775949,naveen.kumar140@yahoo.com,Lucknow,Uttar Pradesh,Savings,Premium,Hazratganj Branch,SBIN000015,2022-07-28,146649.3,Verified
ACC100284,Sanjay Gupta,Male,1959-06-10,9336452577,sanjay.gupta712@outlook.com,Nagpur,Maharashtra,Savings,Corporate,Sitabuldi Branch,SBIN000016,2023-12-24,181151.67,Pending
ACC100285,Rajesh Trivedi,Male,1976-06-06,9142834110,rajesh.trivedi955@outlook.com,Bengaluru,Karnataka,Savings,Retail,Whitefield Branch,SBIN000008,2025-03-20,9760.37,Verified
ACC100286,Amit Rao,Male,1999-11-17,8488725639,amit.rao817@yahoo.com,Surat,Gujarat,Savings,Premium,Adajan Branch,SBIN000018,2024-05-13,47254.29,Pending
ACC100287,Aadhya Naidu,Female,1993-02-16,6580392827,aadhya.naidu158@outlook.com,Jaipur,Rajasthan,Current,Retail,C Scheme Branch,SBIN000014,2022-05-02,7064.36,Verified
ACC100288,Kartik Iyer,Male,1959-11-02,9731453038,kartik.iyer943@outlook.com,Lucknow,Uttar Pradesh,Salary,Retail,Hazratganj Branch,SBIN000015,2023-12-22,13158.7,Verified
ACC100289,Vivaan Trivedi,Male,2003-04-02,9184498926,vivaan.trivedi112@gmail.com,Kolkata,West Bengal,Current,Premium,Salt Lake Branch,SBIN000012,2022-10-02,138872.16,Verified
ACC100290,Neha Rao,Female,1988-07-07,9865577908,neha.rao771@yahoo.com,Kochi,Kerala,Savings,Corporate,MG Road Branch,SBIN000020,2022-10-11,229827.99,Verified
ACC100291,Sneha Nair,Female,2001-10-04,9222591365,sneha.nair705@outlook.com,Mumbai,Maharashtra,Savings,Retail,Andheri Branch,SBIN000001,2023-03-22,14391.84,Verified
ACC100292,Dhruv Das,Male,1992-05-17,9603029922,dhruv.das26@yahoo.com,Lucknow,Uttar Pradesh,Current,Retail,Hazratganj Branch,SBIN000015,2023-06-21,9279.22,Verified
ACC100293,Manav Yadav,Male,1987-02-11,9869904137,manav.yadav467@gmail.com,Pune,Maharashtra,Savings,Corporate,Shivaji Nagar Branch,SBIN000003,2020-10-31,190350.65,Verified
ACC100294,Dhruv Joshi,Male,1985-10-12,9292984257,dhruv.joshi830@outlook.com,Pune,Maharashtra,Savings,Retail,Hinjewadi Branch,SBIN000004,2023-05-30,8206.34,Verified
ACC100295,Naveen Kumar,Male,1985-03-14,9388629127,naveen.kumar179@outlook.com,Pune,Maharashtra,Current,Retail,Hinjewadi Branch,SBIN000004,2021-01-03,6853.91,Pending
ACC100296,Amit Chatterjee,Male,2002-11-23,9806865086,amit.chatterjee443@yahoo.com,Lucknow,Uttar Pradesh,Savings,Retail,Hazratganj Branch,SBIN000015,2024-03-04,16371.49,Verified
ACC100297,Vikram Mishra,Male,1963-11-29,9624731498,vikram.mishra286@outlook.com,Bengaluru,Karnataka,Savings,Retail,Koramangala Branch,SBIN000007,2025-05-19,6155.11,Verified
ACC100298,Aadhya Menon,Female,1974-04-21,8063565126,aadhya.menon117@yahoo.com,Pune,Maharashtra,Current,Retail,Hinjewadi Branch,SBIN000004,2021-09-22,5729.78,Verified
ACC100299,Shreya Deshmukh,Female,1988-05-23,9636887258,shreya.deshmukh866@yahoo.com,Chennai,Tamil Nadu,Savings,Retail,Anna Nagar Branch,SBIN000011,2022-02-10,9350.19,Verified
ACC100300,Bhavna Bansal,Female,1982-10-14,9137213865,bhavna.bansal245@yahoo.com,Chennai,Tamil Nadu,Salary,Retail,T Nagar Branch,SBIN000010,2022-02-10,8516.46,Verified
ACC100301,Dhruv Chopra,Male,1997-01-19,9279611435,dhruv.chopra191@yahoo.com,Delhi,Delhi,Savings,Retail,Connaught Place Branch,SBIN000005,2024-04-04,10209.04,Verified
ACC100302,Sunita Yadav,Female,1955-03-30,9902770384,sunita.yadav462@outlook.com,Delhi,Delhi,Savings,Retail,Karol Bagh Branch,SBIN000006,2020-10-28,8549.92,Verified
ACC100303,Dhruv Sharma,Male,1961-11-23,9302146566,dhruv.sharma507@yahoo.com,Nagpur,Maharashtra,Savings,Premium,Sitabuldi Branch,SBIN000016,2025-04-09,85706.94,Pending
ACC100304,Sneha Chopra,Female,1984-08-05,8955439376,sneha.chopra300@gmail.com,Lucknow,Uttar Pradesh,Savings,Retail,Hazratganj Branch,SBIN000015,2023-09-08,19265.36,Verified
ACC100305,Amit Patel,Male,1983-12-12,9845184894,amit.patel524@gmail.com,Delhi,Delhi,Current,Retail,Karol Bagh Branch,SBIN000006,2022-02-26,12887.52,Verified
ACC100306,Riya Malhotra,Female,1990-11-12,7907141633,riya.malhotra737@yahoo.com,Surat,Gujarat,Salary,Retail,Adajan Branch,SBIN000018,2026-05-11,1998.65,Verified
ACC100307,Sneha Nair,Female,1997-01-04,9341651827,sneha.nair837@gmail.com,Bengaluru,Karnataka,Savings,Corporate,Whitefield Branch,SBIN000008,2023-01-21,206859.64,Verified
ACC100308,Vihaan Malhotra,Male,1968-10-21,9334333395,vihaan.malhotra625@outlook.com,Bengaluru,Karnataka,Savings,Premium,Whitefield Branch,SBIN000008,2021-11-25,131936.33,Verified
ACC100309,Vikram Reddy,Male,1959-08-25,8075957947,vikram.reddy612@outlook.com,Bengaluru,Karnataka,Salary,Premium,Koramangala Branch,SBIN000007,2021-03-27,89196.5,Verified
ACC100310,Sanjay Patel,Male,1961-03-17,9086780856,sanjay.patel835@gmail.com,Chennai,Tamil Nadu,Savings,Corporate,T Nagar Branch,SBIN000010,2025-02-25,455069.88,Verified
ACC100311,Gaurav Trivedi,Male,2000-07-03,9003691559,gaurav.trivedi887@gmail.com,Jaipur,Rajasthan,Salary,Corporate,C Scheme Branch,SBIN000014,2025-03-23,107099.68,Verified
ACC100312,Sanjay Kumar,Male,2000-08-03,9552763655,sanjay.kumar276@outlook.com,Bengaluru,Karnataka,Current,Retail,Whitefield Branch,SBIN000008,2021-09-18,14858.21,Verified
ACC100313,Yash Iyer,Male,2000-02-25,9143866322,yash.iyer466@yahoo.com,Pune,Maharashtra,Savings,Premium,Shivaji Nagar Branch,SBIN000003,2022-04-07,134051.26,Verified
ACC100314,Aarav Pandey,Male,1978-01-13,8574489061,aarav.pandey65@outlook.com,Pune,Maharashtra,Current,Retail,Shivaji Nagar Branch,SBIN000003,2020-08-28,9597.35,Verified
ACC100315,Manav Naidu,Male,1990-08-27,9455884506,manav.naidu134@outlook.com,Bengaluru,Karnataka,Savings,Retail,Koramangala Branch,SBIN000007,2020-12-15,14135.45,Verified
ACC100316,Aarti Kumar,Female,1957-08-19,9455877169,aarti.kumar952@gmail.com,Mumbai,Maharashtra,Savings,Retail,Bandra Branch,SBIN000002,2025-10-08,1390.75,Verified
ACC100317,Aarav Chatterjee,Male,1967-03-22,9961125355,aarav.chatterjee896@yahoo.com,Bengaluru,Karnataka,Salary,Premium,Koramangala Branch,SBIN000007,2024-05-13,59242.52,Verified
ACC100318,Dhruv Shah,Male,1988-06-23,9876220234,dhruv.shah313@outlook.com,Pune,Maharashtra,Savings,Premium,Shivaji Nagar Branch,SBIN000003,2024-10-31,71524.4,Verified
ACC100319,Kavya Chatterjee,Female,2005-02-23,9117800681,kavya.chatterjee232@outlook.com,Pune,Maharashtra,Current,Retail,Shivaji Nagar Branch,SBIN000003,2024-10-10,4184.8,Verified
ACC100320,Saanvi Sharma,Female,1956-08-17,9472282005,saanvi.sharma73@gmail.com,Chennai,Tamil Nadu,Salary,Corporate,Anna Nagar Branch,SBIN000011,2024-04-13,109478.82,Verified
ACC100321,Nikhil Trivedi,Male,2000-07-02,8728299796,nikhil.trivedi833@gmail.com,Pune,Maharashtra,Savings,Retail,Hinjewadi Branch,SBIN000004,2022-07-15,10185.31,Verified
ACC100322,Ritu Reddy,Female,1980-12-17,9174564240,ritu.reddy740@gmail.com,Pune,Maharashtra,Savings,Retail,Shivaji Nagar Branch,SBIN000003,2024-05-30,11562.39,Verified
ACC100323,Myra Yadav,Female,1950-08-09,8077406493,myra.yadav144@gmail.com,Jaipur,Rajasthan,Savings,Retail,C Scheme Branch,SBIN000014,2025-06-17,22518.23,Verified
ACC100324,Pooja Singh,Female,1996-10-24,6326634163,pooja.singh567@outlook.com,Jaipur,Rajasthan,Savings,Retail,C Scheme Branch,SBIN000014,2023-11-13,3021.97,Verified
ACC100325,Nisha Patel,Female,1980-07-25,6312241797,nisha.patel522@gmail.com,Mumbai,Maharashtra,Salary,Retail,Andheri Branch,SBIN000001,2025-05-14,13425.98,Verified
ACC100326,Ishita Agarwal,Female,1966-05-21,9802144270,ishita.agarwal247@yahoo.com,Mumbai,Maharashtra,Current,Premium,Bandra Branch,SBIN000002,2024-04-23,70165.12,Verified
ACC100327,Aadhya Deshmukh,Female,1964-02-08,9757051204,aadhya.deshmukh583@yahoo.com,Mumbai,Maharashtra,Salary,Corporate,Andheri Branch,SBIN000001,2021-07-01,437366.3,Verified
ACC100328,Anil Rao,Male,1995-08-04,6013673037,anil.rao269@gmail.com,Nagpur,Maharashtra,Salary,Premium,Sitabuldi Branch,SBIN000016,2021-01-09,28779.23,Verified
ACC100329,Vivaan Trivedi,Male,1993-04-01,9208814743,vivaan.trivedi719@yahoo.com,Ahmedabad,Gujarat,Savings,Retail,Navrangpura Branch,SBIN000013,2021-02-27,10970.37,Verified
ACC100330,Amit Kulkarni,Male,1971-07-04,9024916300,amit.kulkarni998@gmail.com,Kochi,Kerala,Savings,Retail,MG Road Branch,SBIN000020,2020-11-28,23102.2,Verified
ACC100331,Pooja Menon,Female,1984-04-21,9719500528,pooja.menon251@gmail.com,Pune,Maharashtra,Savings,Retail,Shivaji Nagar Branch,SBIN000003,2024-09-18,6727.3,Pending
ACC100332,Diya Bose,Female,1996-07-04,7306524077,diya.bose123@gmail.com,Kochi,Kerala,Savings,Retail,MG Road Branch,SBIN000020,2021-05-07,18775.8,Verified
ACC100333,Sunita Sharma,Female,1983-01-09,8557498218,sunita.sharma266@gmail.com,Delhi,Delhi,Savings,Retail,Karol Bagh Branch,SBIN000006,2023-11-01,20740.16,Verified
ACC100334,Nikhil Malhotra,Male,1959-08-05,9862095935,nikhil.malhotra440@yahoo.com,Hyderabad,Telangana,Current,Retail,Banjara Hills Branch,SBIN000009,2022-05-12,9040.26,Verified
ACC100335,Rohan Chopra,Male,1992-06-02,8294565118,rohan.chopra880@outlook.com,Chandigarh,Chandigarh,Current,Retail,Sector 17 Branch,SBIN000019,2024-07-10,2330.54,Verified
ACC100336,Reyansh Shah,Male,1988-10-25,9731096789,reyansh.shah3@gmail.com,Pune,Maharashtra,Salary,Retail,Hinjewadi Branch,SBIN000004,2020-11-10,18778.72,Verified
ACC100337,Saanvi Mehta,Female,1991-04-12,9371705865,saanvi.mehta879@gmail.com,Mumbai,Maharashtra,Savings,Retail,Bandra Branch,SBIN000002,2022-02-15,23347.84,Verified
ACC100338,Tanvi Chopra,Female,1996-09-01,9138113863,tanvi.chopra846@gmail.com,Jaipur,Rajasthan,Savings,Retail,C Scheme Branch,SBIN000014,2020-12-11,8678.44,Verified
ACC100339,Diya Deshmukh,Female,1961-10-20,9957612286,diya.deshmukh71@yahoo.com,Mumbai,Maharashtra,Savings,Premium,Bandra Branch,SBIN000002,2024-07-07,144030.32,Pending
ACC100340,Deepika Pandey,Female,1979-11-15,9566593983,deepika.pandey578@yahoo.com,Chennai,Tamil Nadu,Savings,Retail,T Nagar Branch,SBIN000010,2024-07-08,5816.11,Verified
ACC100341,Kavya Bose,Female,1972-05-09,6004908240,kavya.bose923@outlook.com,Kolkata,West Bengal,Savings,Retail,Salt Lake Branch,SBIN000012,2023-11-17,5690.14,Verified
ACC100342,Kavya Reddy,Female,1968-01-08,8899210752,kavya.reddy711@gmail.com,Mumbai,Maharashtra,Salary,Retail,Andheri Branch,SBIN000001,2021-12-03,16262.6,Verified
ACC100343,Saanvi Malhotra,Female,1958-08-18,9969315727,saanvi.malhotra244@yahoo.com,Ahmedabad,Gujarat,Salary,Premium,Navrangpura Branch,SBIN000013,2022-10-15,88875.88,Verified
ACC100344,Vivaan Reddy,Male,1998-06-29,9610556613,vivaan.reddy718@yahoo.com,Hyderabad,Telangana,Savings,Corporate,Banjara Hills Branch,SBIN000009,2024-09-16,283891.65,Verified
ACC100345,Nikhil Iyer,Male,1993-12-19,8058925832,nikhil.iyer582@gmail.com,Chandigarh,Chandigarh,Savings,Retail,Sector 17 Branch,SBIN000019,2025-08-30,2795.93,Verified
ACC100346,Arjun Mehta,Male,1953-07-13,8136462251,arjun.mehta754@yahoo.com,Chennai,Tamil Nadu,Savings,Retail,T Nagar Branch,SBIN000010,2024-12-16,17817.41,Verified
ACC100347,Rohan Mehta,Male,1978-03-14,8622783769,rohan.mehta109@gmail.com,Pune,Maharashtra,Salary,Retail,Shivaji Nagar Branch,SBIN000003,2025-01-15,3615.35,Verified
ACC100348,Aryan Chatterjee,Male,1961-12-22,6591166553,aryan.chatterjee272@gmail.com,Pune,Maharashtra,Savings,Corporate,Hinjewadi Branch,SBIN000004,2024-04-09,188738.47,Verified
ACC100349,Pranav Bansal,Male,1969-03-15,9792703352,pranav.bansal336@gmail.com,Chennai,Tamil Nadu,Salary,Retail,T Nagar Branch,SBIN000010,2024-02-20,21062.19,Verified
ACC100350,Ishaan Singh,Male,1994-07-20,9405147705,ishaan.singh32@yahoo.com,Ahmedabad,Gujarat,Savings,Retail,Navrangpura Branch,SBIN000013,2025-09-06,24776.24,Verified
ACC100351,Kritika Kapoor,Female,1962-09-21,8792069804,kritika.kapoor13@gmail.com,Surat,Gujarat,Savings,Retail,Adajan Branch,SBIN000018,2023-10-22,4355.03,Verified
ACC100352,Kavya Reddy,Female,1960-06-24,9645104636,kavya.reddy597@outlook.com,Bengaluru,Karnataka,Salary,Retail,Koramangala Branch,SBIN000007,2022-04-17,16472.44,Verified
ACC100353,Harsh Iyer,Male,1980-02-05,9238780038,harsh.iyer95@yahoo.com,Mumbai,Maharashtra,Salary,Retail,Andheri Branch,SBIN000001,2024-10-29,20423.17,Verified
ACC100354,Yash Verma,Male,1968-04-14,9438404608,yash.verma392@outlook.com,Delhi,Delhi,Salary,Retail,Karol Bagh Branch,SBIN000006,2023-07-09,12907.03,Verified
ACC100355,Dhruv Gupta,Male,2005-08-26,6893639264,dhruv.gupta632@gmail.com,Delhi,Delhi,Savings,Retail,Karol Bagh Branch,SBIN000006,2021-12-11,15738.56,Verified
ACC100356,Shreya Chatterjee,Female,2003-05-14,8324826292,shreya.chatterjee659@outlook.com,Surat,Gujarat,Savings,Retail,Adajan Branch,SBIN000018,2022-07-24,11061.64,Verified
ACC100357,Pranav Kulkarni,Male,1969-01-06,9566474231,pranav.kulkarni497@yahoo.com,Mumbai,Maharashtra,Salary,Premium,Andheri Branch,SBIN000001,2023-12-03,90787.31,Verified
ACC100358,Meera Kumar,Female,1958-03-25,9933051728,meera.kumar831@yahoo.com,Ahmedabad,Gujarat,Savings,Retail,Navrangpura Branch,SBIN000013,2020-10-03,1703.28,Verified
ACC100359,Siddharth Deshmukh,Male,1999-09-05,7223306046,siddharth.deshmukh673@gmail.com,Kolkata,West Bengal,Current,Corporate,Salt Lake Branch,SBIN000012,2023-05-24,95060.45,Pending
ACC100360,Harsh Trivedi,Male,1963-07-05,7975736609,harsh.trivedi398@yahoo.com,Mumbai,Maharashtra,Current,Corporate,Bandra Branch,SBIN000002,2024-08-07,492199.09,Verified
ACC100361,Radhika Rao,Female,1993-04-02,9880817703,radhika.rao606@gmail.com,Delhi,Delhi,Savings,Retail,Karol Bagh Branch,SBIN000006,2022-11-13,9610.8,Verified
ACC100362,Neha Menon,Female,1980-09-07,9347644726,neha.menon994@yahoo.com,Chandigarh,Chandigarh,Savings,Corporate,Sector 17 Branch,SBIN000019,2022-12-16,414680.52,Verified
ACC100363,Anika Joshi,Female,1967-09-05,8129826657,anika.joshi1@yahoo.com,Mumbai,Maharashtra,Savings,Retail,Bandra Branch,SBIN000002,2026-01-28,13634.76,Verified
ACC100364,Ira Trivedi,Female,1952-01-17,9211175186,ira.trivedi61@gmail.com,Delhi,Delhi,Savings,Retail,Connaught Place Branch,SBIN000005,2023-04-21,21837.21,Verified
ACC100365,Sanjay Yadav,Male,1992-10-04,9259222206,sanjay.yadav383@outlook.com,Delhi,Delhi,Current,Premium,Connaught Place Branch,SBIN000005,2026-05-30,144872.64,Verified
ACC100366,Pooja Menon,Female,1968-06-20,9309407778,pooja.menon448@outlook.com,Pune,Maharashtra,Savings,Retail,Hinjewadi Branch,SBIN000004,2024-12-13,18576.45,Pending
ACC100367,Anjali Kumar,Female,1997-06-07,7767199038,anjali.kumar366@gmail.com,Delhi,Delhi,Current,Retail,Karol Bagh Branch,SBIN000006,2024-03-22,15729.02,Verified
ACC100368,Bhavna Rao,Female,1966-09-24,9502099451,bhavna.rao972@outlook.com,Ahmedabad,Gujarat,Savings,Retail,Navrangpura Branch,SBIN000013,2024-05-06,18491.94,Verified
ACC100369,Pooja Pandey,Female,1953-06-11,9982795014,pooja.pandey227@outlook.com,Chandigarh,Chandigarh,Savings,Retail,Sector 17 Branch,SBIN000019,2023-01-31,24220.76,Verified
ACC100370,Tanvi Joshi,Female,1969-04-28,9721458683,tanvi.joshi652@gmail.com,Delhi,Delhi,Savings,Retail,Connaught Place Branch,SBIN000005,2025-12-12,8668.45,Verified
ACC100371,Ritu Agarwal,Female,1990-12-17,7946954899,ritu.agarwal263@gmail.com,Chennai,Tamil Nadu,Savings,Retail,Anna Nagar Branch,SBIN000011,2024-03-31,2627.07,Verified
ACC100372,Ananya Das,Female,1971-02-15,9934301071,ananya.das388@yahoo.com,Lucknow,Uttar Pradesh,Current,Corporate,Hazratganj Branch,SBIN000015,2021-05-16,271886.9,Verified
ACC100373,Diya Naidu,Female,1993-05-17,9830344144,diya.naidu463@gmail.com,Nagpur,Maharashtra,Current,Retail,Sitabuldi Branch,SBIN000016,2021-11-01,6413.99,Verified
ACC100374,Ananya Patel,Female,1979-12-28,6990235577,ananya.patel385@gmail.com,Mumbai,Maharashtra,Savings,Corporate,Andheri Branch,SBIN000001,2022-07-13,126547.34,Verified
ACC100375,Kritika Mishra,Female,1996-11-03,9760849588,kritika.mishra442@outlook.com,Pune,Maharashtra,Savings,Corporate,Shivaji Nagar Branch,SBIN000003,2024-06-12,367027.09,Verified
ACC100376,Deepak Chatterjee,Male,1951-09-08,9056829962,deepak.chatterjee568@outlook.com,Delhi,Delhi,Savings,Retail,Karol Bagh Branch,SBIN000006,2024-01-15,10822.72,Pending
ACC100377,Kritika Shah,Female,1985-02-14,6173574384,kritika.shah503@gmail.com,Chennai,Tamil Nadu,Savings,Retail,T Nagar Branch,SBIN000010,2025-10-02,14191.9,Verified
ACC100378,Aarav Chatterjee,Male,1960-10-01,8078235784,aarav.chatterjee27@gmail.com,Pune,Maharashtra,Savings,Retail,Shivaji Nagar Branch,SBIN000003,2022-10-30,5792.2,Verified
ACC100379,Kabir Iyer,Male,1995-08-01,9768104091,kabir.iyer677@yahoo.com,Nagpur,Maharashtra,Salary,Retail,Sitabuldi Branch,SBIN000016,2021-06-14,12738.32,Verified
ACC100380,Amit Das,Male,1969-12-06,9435334485,amit.das451@yahoo.com,Delhi,Delhi,Savings,Retail,Karol Bagh Branch,SBIN000006,2025-11-24,2070.81,Verified
ACC100381,Harsh Shah,Male,1995-06-04,9098813858,harsh.shah353@outlook.com,Chandigarh,Chandigarh,Savings,Premium,Sector 17 Branch,SBIN000019,2024-08-07,31141.95,Verified
ACC100382,Gaurav Menon,Male,1969-01-27,9495870207,gaurav.menon549@outlook.com,Bengaluru,Karnataka,Savings,Premium,Whitefield Branch,SBIN000008,2021-06-11,74422.17,Verified
ACC100383,Shreya Menon,Female,2002-12-29,6299795453,shreya.menon515@outlook.com,Bengaluru,Karnataka,Savings,Retail,Whitefield Branch,SBIN000008,2020-11-24,18143.34,Verified
ACC100384,Aarti Menon,Female,1991-12-13,9717477332,aarti.menon172@gmail.com,Kochi,Kerala,Savings,Corporate,MG Road Branch,SBIN000020,2024-08-06,477077.67,Verified
ACC100385,Myra Verma,Female,2000-07-18,9770171577,myra.verma152@outlook.com,Jaipur,Rajasthan,Savings,Retail,C Scheme Branch,SBIN000014,2024-04-11,20741.54,Verified
ACC100386,Ashok Kapoor,Male,1999-08-28,8161581487,ashok.kapoor533@yahoo.com,Pune,Maharashtra,Savings,Retail,Shivaji Nagar Branch,SBIN000003,2022-04-13,21558.98,Verified
ACC100387,Saanvi Trivedi,Female,1973-11-06,6153966958,saanvi.trivedi581@outlook.com,Kochi,Kerala,Savings,Premium,MG Road Branch,SBIN000020,2023-01-24,39453.5,Verified
ACC100388,Diya Yadav,Female,1990-11-11,9975817246,diya.yadav353@yahoo.com,Pune,Maharashtra,Savings,Retail,Hinjewadi Branch,SBIN000004,2021-08-18,13855.2,Verified
ACC100389,Suresh Joshi,Male,1954-08-21,9329022784,suresh.joshi624@outlook.com,Chandigarh,Chandigarh,Savings,Retail,Sector 17 Branch,SBIN000019,2021-03-31,4452.46,Verified
ACC100390,Ananya Das,Female,1973-03-21,9465190986,ananya.das382@gmail.com,Chennai,Tamil Nadu,Current,Retail,Anna Nagar Branch,SBIN000011,2024-01-17,7446.02,Verified
ACC100391,Pranav Patel,Male,1999-10-07,9851403696,pranav.patel890@gmail.com,Chennai,Tamil Nadu,Savings,Retail,T Nagar Branch,SBIN000010,2025-09-05,3357.22,Verified
ACC100392,Nikhil Bose,Male,1986-11-12,9272386562,nikhil.bose217@yahoo.com,Chennai,Tamil Nadu,Savings,Retail,Anna Nagar Branch,SBIN000011,2024-11-03,5510.46,Verified
ACC100393,Deepika Deshmukh,Female,1967-05-02,9276212679,deepika.deshmukh519@yahoo.com,Kolkata,West Bengal,Salary,Retail,Salt Lake Branch,SBIN000012,2025-10-19,8466.95,Verified
ACC100394,Naveen Deshmukh,Male,2004-07-23,7653269097,naveen.deshmukh256@gmail.com,Chandigarh,Chandigarh,Savings,Retail,Sector 17 Branch,SBIN000019,2024-04-24,21087.44,Verified
ACC100395,Ashok Singh,Male,1999-09-19,9009751971,ashok.singh127@outlook.com,Bengaluru,Karnataka,Savings,Premium,Koramangala Branch,SBIN000007,2022-01-04,102603.28,Verified
ACC100396,Dhruv Joshi,Male,1958-11-04,8913718949,dhruv.joshi353@gmail.com,Kochi,Kerala,Savings,Corporate,MG Road Branch,SBIN000020,2024-12-16,298100.17,Verified
ACC100397,Riya Kapoor,Female,1953-08-30,7956544209,riya.kapoor989@gmail.com,Pune,Maharashtra,Savings,Retail,Shivaji Nagar Branch,SBIN000003,2022-08-24,14734.19,Verified
ACC100398,Anjali Mehta,Female,1994-01-25,9904904712,anjali.mehta786@outlook.com,Bengaluru,Karnataka,Savings,Retail,Koramangala Branch,SBIN000007,2024-12-06,19727.29,Verified
ACC100399,Ashok Reddy,Male,1979-12-05,9440192927,ashok.reddy313@outlook.com,Delhi,Delhi,Savings,Retail,Karol Bagh Branch,SBIN000006,2025-09-03,20322.05,Verified
ACC100400,Anjali Shah,Female,1972-01-18,9512927663,anjali.shah310@outlook.com,Jaipur,Rajasthan,Salary,Premium,C Scheme Branch,SBIN000014,2021-08-23,48367.18,Verified
ACC100401,Vikram Das,Male,1988-12-02,9410276747,vikram.das384@outlook.com,Chandigarh,Chandigarh,Savings,Retail,Sector 17 Branch,SBIN000019,2024-12-04,21238.81,Verified
ACC100402,Nisha Patel,Female,1993-11-17,9286047658,nisha.patel333@yahoo.com,Chennai,Tamil Nadu,Current,Retail,T Nagar Branch,SBIN000010,2025-01-31,7635.6,Verified
ACC100403,Sanjay Mishra,Male,1990-03-17,9441496739,sanjay.mishra878@outlook.com,Chennai,Tamil Nadu,Savings,Retail,T Nagar Branch,SBIN000010,2020-11-04,2362.59,Verified
ACC100404,Aryan Bansal,Male,1995-04-16,9106181753,aryan.bansal429@yahoo.com,Delhi,Delhi,Current,Retail,Connaught Place Branch,SBIN000005,2023-09-12,7226.23,Pending
ACC100405,Vivaan Menon,Male,1992-08-31,9939111926,vivaan.menon654@yahoo.com,Chandigarh,Chandigarh,Salary,Retail,Sector 17 Branch,SBIN000019,2022-02-06,17471.63,Verified
ACC100406,Ritu Singh,Female,1988-09-02,9717465421,ritu.singh301@gmail.com,Indore,Madhya Pradesh,Savings,Retail,Vijay Nagar Branch,SBIN000017,2025-12-18,14397.95,Verified
ACC100407,Nikhil Shah,Male,1966-09-07,9271739627,nikhil.shah92@gmail.com,Surat,Gujarat,Current,Retail,Adajan Branch,SBIN000018,2020-12-20,9055.18,Verified
ACC100408,Nikhil Pandey,Male,1956-11-21,7410119470,nikhil.pandey475@gmail.com,Chennai,Tamil Nadu,Savings,Premium,T Nagar Branch,SBIN000010,2023-10-27,96124.19,Verified
ACC100409,Naveen Agarwal,Male,2002-08-07,9569087766,naveen.agarwal123@outlook.com,Chandigarh,Chandigarh,Savings,Retail,Sector 17 Branch,SBIN000019,2021-06-27,5669.05,Verified
ACC100410,Kabir Chatterjee,Male,1999-07-23,6719855460,kabir.chatterjee584@yahoo.com,Mumbai,Maharashtra,Salary,Retail,Bandra Branch,SBIN000002,2025-04-03,9224.08,Pending
ACC100411,Naveen Chopra,Male,1987-04-10,9743280634,naveen.chopra650@gmail.com,Delhi,Delhi,Current,Retail,Karol Bagh Branch,SBIN000006,2026-04-25,5243.78,Verified
ACC100412,Rohan Gupta,Male,1990-12-18,9203093761,rohan.gupta133@outlook.com,Delhi,Delhi,Savings,Retail,Karol Bagh Branch,SBIN000006,2025-12-10,19714.06,Verified
ACC100413,Manav Das,Male,1996-07-31,9505061387,manav.das383@gmail.com,Jaipur,Rajasthan,Salary,Retail,C Scheme Branch,SBIN000014,2024-06-07,5785.94,Verified
ACC100414,Deepika Naidu,Female,2005-02-15,9270790320,deepika.naidu711@yahoo.com,Indore,Madhya Pradesh,Savings,Retail,Vijay Nagar Branch,SBIN000017,2025-10-14,6971.75,Verified
ACC100415,Vihaan Das,Male,1960-08-04,9911179931,vihaan.das298@yahoo.com,Indore,Madhya Pradesh,Savings,Retail,Vijay Nagar Branch,SBIN000017,2020-11-23,8156.85,Verified
ACC100416,Nisha Deshmukh,Female,1997-04-05,8253092511,nisha.deshmukh502@yahoo.com,Chennai,Tamil Nadu,Savings,Retail,Anna Nagar Branch,SBIN000011,2023-02-20,24907.33,Verified
ACC100417,Anika Yadav,Female,1966-06-27,7390219620,anika.yadav23@outlook.com,Ahmedabad,Gujarat,Savings,Retail,Navrangpura Branch,SBIN000013,2025-02-11,6068.57,Pending
ACC100418,Vihaan Singh,Male,2001-08-14,9672324876,vihaan.singh609@gmail.com,Mumbai,Maharashtra,Savings,Retail,Bandra Branch,SBIN000002,2021-01-29,15955.23,Verified
ACC100419,Anjali Naidu,Female,1964-06-23,9145608331,anjali.naidu259@yahoo.com,Mumbai,Maharashtra,Savings,Retail,Andheri Branch,SBIN000001,2021-08-21,3966.28,Verified
ACC100420,Ira Chopra,Female,2007-10-29,7340312772,ira.chopra621@outlook.com,Mumbai,Maharashtra,Savings,Retail,Andheri Branch,SBIN000001,2026-06-03,7479.45,Verified
ACC100421,Harsh Mishra,Male,1959-11-13,6459701082,harsh.mishra510@gmail.com,Pune,Maharashtra,Savings,Retail,Hinjewadi Branch,SBIN000004,2026-02-05,19834.24,Verified
ACC100422,Deepika Shah,Female,1959-10-08,9956353153,deepika.shah562@yahoo.com,Indore,Madhya Pradesh,Salary,Retail,Vijay Nagar Branch,SBIN000017,2020-10-09,4848.97,Verified
ACC100423,Sunita Yadav,Female,1956-04-15,7970623972,sunita.yadav856@outlook.com,Nagpur,Maharashtra,Savings,Retail,Sitabuldi Branch,SBIN000016,2024-12-30,22765.12,Verified
ACC100424,Myra Iyer,Female,1973-01-24,9209042177,myra.iyer468@yahoo.com,Indore,Madhya Pradesh,Savings,Premium,Vijay Nagar Branch,SBIN000017,2021-05-30,103763.78,Verified
ACC100425,Vivaan Nair,Male,1974-11-10,9298316873,vivaan.nair437@outlook.com,Delhi,Delhi,Salary,Premium,Karol Bagh Branch,SBIN000006,2025-02-17,107979.65,Verified
ACC100426,Naveen Malhotra,Male,1984-11-29,9569392906,naveen.malhotra916@yahoo.com,Mumbai,Maharashtra,Savings,Retail,Bandra Branch,SBIN000002,2025-08-03,8887.86,Verified
ACC100427,Riya Mishra,Female,2007-06-15,8671773180,riya.mishra468@yahoo.com,Pune,Maharashtra,Savings,Retail,Shivaji Nagar Branch,SBIN000003,2020-11-02,10606.01,Verified
ACC100428,Sunita Pandey,Female,1990-10-21,9107427990,sunita.pandey713@outlook.com,Nagpur,Maharashtra,Current,Retail,Sitabuldi Branch,SBIN000016,2023-01-09,3713.36,Verified
ACC100429,Naveen Rao,Male,2007-03-27,7016580464,naveen.rao186@outlook.com,Pune,Maharashtra,Savings,Retail,Hinjewadi Branch,SBIN000004,2023-05-13,17281.44,Verified
ACC100430,Dhruv Pillai,Male,1991-02-02,9850165790,dhruv.pillai495@yahoo.com,Mumbai,Maharashtra,Salary,Premium,Andheri Branch,SBIN000001,2024-04-01,135929.16,Verified
ACC100431,Manav Bose,Male,1971-10-21,9381793355,manav.bose538@outlook.com,Mumbai,Maharashtra,Savings,Retail,Bandra Branch,SBIN000002,2021-08-23,21839.97,Verified
ACC100432,Swati Mehta,Female,2002-09-06,9577881788,swati.mehta745@gmail.com,Chennai,Tamil Nadu,Savings,Retail,Anna Nagar Branch,SBIN000011,2023-08-08,11388.35,Verified
ACC100433,Anil Bansal,Male,2002-10-08,9162411241,anil.bansal12@outlook.com,Ahmedabad,Gujarat,Savings,Premium,Navrangpura Branch,SBIN000013,2023-04-17,99678.82,Verified
ACC100434,Meera Pandey,Female,1991-01-12,6827567043,meera.pandey247@yahoo.com,Nagpur,Maharashtra,Salary,Premium,Sitabuldi Branch,SBIN000016,2023-07-23,83914.23,Verified
ACC100435,Ananya Deshmukh,Female,1954-04-02,9557988774,ananya.deshmukh455@outlook.com,Bengaluru,Karnataka,Savings,Retail,Whitefield Branch,SBIN000008,2025-10-17,2891.93,Verified
ACC100436,Naveen Joshi,Male,1983-07-03,7540254729,naveen.joshi414@yahoo.com,Lucknow,Uttar Pradesh,Savings,Corporate,Hazratganj Branch,SBIN000015,2025-12-14,57996.11,Verified
ACC100437,Amit Sharma,Male,2004-03-14,9310592745,amit.sharma576@gmail.com,Pune,Maharashtra,Current,Corporate,Shivaji Nagar Branch,SBIN000003,2024-11-03,450549.9,Verified
ACC100438,Divya Kumar,Female,1961-04-20,9782841067,divya.kumar786@outlook.com,Kolkata,West Bengal,Salary,Premium,Salt Lake Branch,SBIN000012,2023-12-14,63156.44,Verified
ACC100439,Sunita Bansal,Female,1995-03-06,8547492975,sunita.bansal350@yahoo.com,Kolkata,West Bengal,Current,Retail,Salt Lake Branch,SBIN000012,2026-04-01,6321.93,Verified
ACC100440,Aarti Patel,Female,1990-07-28,9069375150,aarti.patel144@outlook.com,Surat,Gujarat,Savings,Premium,Adajan Branch,SBIN000018,2024-12-16,41340.2,Verified
ACC100441,Sneha Nair,Female,1985-11-15,9871863759,sneha.nair469@gmail.com,Hyderabad,Telangana,Savings,Retail,Banjara Hills Branch,SBIN000009,2021-10-05,10429.52,Pending
ACC100442,Diya Malhotra,Female,1985-09-11,9650455478,diya.malhotra914@yahoo.com,Jaipur,Rajasthan,Savings,Retail,C Scheme Branch,SBIN000014,2026-03-22,3957.26,Verified
ACC100443,Rajesh Deshmukh,Male,1955-09-06,9662991234,rajesh.deshmukh444@outlook.com,Delhi,Delhi,Salary,Retail,Connaught Place Branch,SBIN000005,2024-12-08,14277.43,Verified
ACC100444,Rahul Malhotra,Male,1978-02-16,9064628792,rahul.malhotra674@outlook.com,Delhi,Delhi,Current,Retail,Karol Bagh Branch,SBIN000006,2025-10-08,3485.3,Verified
ACC100445,Priya Deshmukh,Female,1962-02-27,9947873002,priya.deshmukh408@yahoo.com,Ahmedabad,Gujarat,Savings,Retail,Navrangpura Branch,SBIN000013,2025-07-23,6957.73,Verified
ACC100446,Divya Trivedi,Female,1965-11-01,9730147195,divya.trivedi864@outlook.com,Delhi,Delhi,Savings,Retail,Connaught Place Branch,SBIN000005,2026-04-19,13295.07,Verified
ACC100447,Priya Chopra,Female,1984-04-20,8904290257,priya.chopra354@outlook.com,Surat,Gujarat,Current,Retail,Adajan Branch,SBIN000018,2023-12-21,7973.91,Verified
ACC100448,Sanjay Agarwal,Male,2001-07-18,6504481832,sanjay.agarwal361@outlook.com,Delhi,Delhi,Savings,Retail,Karol Bagh Branch,SBIN000006,2021-05-28,3769.73,Verified
ACC100449,Rajesh Bansal,Male,1994-12-14,9451895202,rajesh.bansal433@gmail.com,Jaipur,Rajasthan,Current,Premium,C Scheme Branch,SBIN000014,2024-03-02,134072.04,Verified
ACC100450,Aarav Das,Male,1980-08-27,9328338988,aarav.das294@outlook.com,Delhi,Delhi,Savings,Retail,Connaught Place Branch,SBIN000005,2022-10-28,19852.77,Verified
ACC100451,Harsh Verma,Male,1991-12-06,9207545279,harsh.verma631@outlook.com,Chennai,Tamil Nadu,Savings,Retail,T Nagar Branch,SBIN000010,2024-10-13,11862.27,Verified
ACC100452,Radhika Mehta,Female,1980-12-10,9223423216,radhika.mehta710@outlook.com,Surat,Gujarat,Savings,Retail,Adajan Branch,SBIN000018,2026-05-19,17707.08,Verified
ACC100453,Kartik Das,Male,1990-09-01,9310890714,kartik.das14@outlook.com,Jaipur,Rajasthan,Salary,Corporate,C Scheme Branch,SBIN000014,2025-04-09,298456.07,Verified
ACC100454,Vikram Pandey,Male,1953-02-09,9932501249,vikram.pandey774@outlook.com,Lucknow,Uttar Pradesh,Salary,Premium,Hazratganj Branch,SBIN000015,2022-05-25,104192.21,Verified
ACC100455,Nisha Gupta,Female,1970-10-10,9908334280,nisha.gupta178@outlook.com,Bengaluru,Karnataka,Savings,Retail,Koramangala Branch,SBIN000007,2021-07-22,5487.44,Verified
ACC100456,Kartik Verma,Male,2007-01-26,9271256638,kartik.verma6@yahoo.com,Jaipur,Rajasthan,Savings,Retail,C Scheme Branch,SBIN000014,2021-03-09,21304.34,Verified
ACC100457,Ashok Reddy,Male,1963-10-19,8275480157,ashok.reddy631@outlook.com,Mumbai,Maharashtra,Savings,Retail,Bandra Branch,SBIN000002,2021-04-09,23377.16,Verified
ACC100458,Pranav Menon,Male,1957-04-24,6463175207,pranav.menon189@outlook.com,Surat,Gujarat,Savings,Premium,Adajan Branch,SBIN000018,2022-04-16,48595.06,Verified
ACC100459,Rahul Rao,Male,1989-08-01,6912153539,rahul.rao680@yahoo.com,Jaipur,Rajasthan,Savings,Retail,C Scheme Branch,SBIN000014,2022-12-17,22201.52,Verified
ACC100460,Kabir Gupta,Male,1999-07-22,9946579678,kabir.gupta10@gmail.com,Kochi,Kerala,Savings,Corporate,MG Road Branch,SBIN000020,2023-01-04,491509.94,Verified
ACC100461,Divya Mehta,Female,1966-10-11,7320101702,divya.mehta391@gmail.com,Kochi,Kerala,Salary,Retail,MG Road Branch,SBIN000020,2025-03-05,22255.84,Verified
ACC100462,Amit Kapoor,Male,1972-10-17,9187734778,amit.kapoor521@yahoo.com,Chennai,Tamil Nadu,Savings,Retail,T Nagar Branch,SBIN000010,2024-08-24,13343.42,Verified
ACC100463,Kabir Mishra,Male,1965-10-11,6756770028,kabir.mishra792@outlook.com,Bengaluru,Karnataka,Savings,Retail,Koramangala Branch,SBIN000007,2022-08-25,24319.09,Verified
ACC100464,Anjali Iyer,Female,1988-11-05,9671978897,anjali.iyer107@gmail.com,Bengaluru,Karnataka,Current,Premium,Koramangala Branch,SBIN000007,2025-03-30,75147.23,Verified
ACC100465,Sunita Mishra,Female,1978-03-16,9695450090,sunita.mishra471@outlook.com,Jaipur,Rajasthan,Current,Corporate,C Scheme Branch,SBIN000014,2025-09-09,119189.56,Verified
ACC100466,Aditya Iyer,Male,1958-01-13,6556503334,aditya.iyer933@yahoo.com,Mumbai,Maharashtra,Savings,Retail,Bandra Branch,SBIN000002,2022-10-13,20718.86,Verified
ACC100467,Yash Agarwal,Male,1984-12-19,9085076986,yash.agarwal657@outlook.com,Ahmedabad,Gujarat,Savings,Retail,Navrangpura Branch,SBIN000013,2026-01-09,13836.02,Verified
ACC100468,Deepika Kapoor,Female,1966-01-24,6591713578,deepika.kapoor297@outlook.com,Chandigarh,Chandigarh,Savings,Premium,Sector 17 Branch,SBIN000019,2024-09-30,85368.8,Verified
ACC100469,Aditya Patel,Male,1997-08-31,6371834404,aditya.patel226@gmail.com,Lucknow,Uttar Pradesh,Savings,Premium,Hazratganj Branch,SBIN000015,2024-07-29,40322.05,Verified
ACC100470,Aarti Trivedi,Female,2008-05-20,9954198763,aarti.trivedi989@outlook.com,Surat,Gujarat,Savings,Retail,Adajan Branch,SBIN000018,2022-12-30,22287.47,Verified
ACC100471,Saanvi Kulkarni,Female,1970-09-29,8536649878,saanvi.kulkarni561@gmail.com,Surat,Gujarat,Savings,Retail,Adajan Branch,SBIN000018,2021-01-20,10457.96,Verified
ACC100472,Nikhil Kapoor,Male,1961-01-28,7489690835,nikhil.kapoor189@gmail.com,Kolkata,West Bengal,Savings,Premium,Salt Lake Branch,SBIN000012,2020-09-16,38519.17,Verified
ACC100473,Riya Gupta,Female,1977-06-04,9364424936,riya.gupta955@outlook.com,Pune,Maharashtra,Savings,Premium,Hinjewadi Branch,SBIN000004,2022-01-12,130680.4,Verified
ACC100474,Amit Iyer,Male,1964-06-07,7866032420,amit.iyer975@yahoo.com,Chennai,Tamil Nadu,Current,Retail,T Nagar Branch,SBIN000010,2021-06-29,14934.3,Verified
ACC100475,Anil Agarwal,Male,1965-08-03,9159416516,anil.agarwal462@yahoo.com,Bengaluru,Karnataka,Savings,Retail,Whitefield Branch,SBIN000008,2025-05-22,8626.86,Verified
ACC100476,Ishita Chopra,Female,2005-04-21,8189847139,ishita.chopra173@gmail.com,Chandigarh,Chandigarh,Savings,Retail,Sector 17 Branch,SBIN000019,2024-11-30,24007.81,Verified
ACC100477,Pranav Mehta,Male,1957-09-10,6321234764,pranav.mehta492@yahoo.com,Jaipur,Rajasthan,Savings,Retail,C Scheme Branch,SBIN000014,2025-05-29,8957.51,Verified
ACC100478,Gaurav Patel,Male,2000-08-25,6734257540,gaurav.patel880@gmail.com,Nagpur,Maharashtra,Savings,Retail,Sitabuldi Branch,SBIN000016,2020-12-06,21203.03,Verified
ACC100479,Ira Shah,Female,1988-01-13,8645183760,ira.shah833@outlook.com,Pune,Maharashtra,Current,Premium,Shivaji Nagar Branch,SBIN000003,2025-12-29,102111.44,Verified
ACC100480,Deepika Menon,Female,2003-05-15,9327560417,deepika.menon484@outlook.com,Bengaluru,Karnataka,Salary,Retail,Koramangala Branch,SBIN000007,2022-12-10,24969.48,Verified
ACC100481,Neha Das,Female,1977-12-04,9815698570,neha.das514@outlook.com,Bengaluru,Karnataka,Salary,Retail,Whitefield Branch,SBIN000008,2023-01-23,4213.15,Verified
ACC100482,Dhruv Deshmukh,Male,1994-10-18,6345911238,dhruv.deshmukh170@outlook.com,Mumbai,Maharashtra,Current,Premium,Andheri Branch,SBIN000001,2024-06-03,99824.68,Verified
ACC100483,Reyansh Rao,Male,1991-12-27,7724295431,reyansh.rao496@yahoo.com,Chandigarh,Chandigarh,Salary,Retail,Sector 17 Branch,SBIN000019,2025-03-05,18662.08,Pending
ACC100484,Gaurav Joshi,Male,1974-08-23,9893173420,gaurav.joshi930@yahoo.com,Bengaluru,Karnataka,Savings,Retail,Whitefield Branch,SBIN000008,2021-09-06,5962.58,Verified
ACC100485,Ashok Bose,Male,1973-11-10,9910867713,ashok.bose649@yahoo.com,Mumbai,Maharashtra,Savings,Retail,Bandra Branch,SBIN000002,2023-02-26,24242.59,Verified
ACC100486,Riya Menon,Female,1991-12-27,9639343626,riya.menon920@gmail.com,Surat,Gujarat,Savings,Retail,Adajan Branch,SBIN000018,2021-09-25,15104.29,Verified
ACC100487,Kartik Yadav,Male,1996-07-25,9597107256,kartik.yadav494@outlook.com,Bengaluru,Karnataka,Savings,Retail,Whitefield Branch,SBIN000008,2020-10-08,12684.68,Verified
ACC100488,Deepak Reddy,Male,1990-06-09,9800537599,deepak.reddy192@gmail.com,Lucknow,Uttar Pradesh,Savings,Retail,Hazratganj Branch,SBIN000015,2024-11-06,6076.41,Verified
ACC100489,Sanjay Naidu,Male,1991-10-04,6465280924,sanjay.naidu692@yahoo.com,Pune,Maharashtra,Current,Retail,Hinjewadi Branch,SBIN000004,2025-06-05,3720.13,Verified
ACC100490,Rajesh Rao,Male,1960-06-14,9862415027,rajesh.rao645@outlook.com,Jaipur,Rajasthan,Savings,Retail,C Scheme Branch,SBIN000014,2023-07-15,4867.1,Verified
ACC100491,Rajesh Reddy,Male,2001-02-27,9485625728,rajesh.reddy993@outlook.com,Mumbai,Maharashtra,Savings,Corporate,Bandra Branch,SBIN000002,2025-07-29,232455.34,Verified
ACC100492,Sakshi Kapoor,Female,2000-01-29,9320742761,sakshi.kapoor494@gmail.com,Chennai,Tamil Nadu,Salary,Retail,T Nagar Branch,SBIN000010,2024-07-08,12313.92,Verified
ACC100493,Manav Pillai,Male,2008-04-28,7771215134,manav.pillai271@gmail.com,Delhi,Delhi,Current,Premium,Connaught Place Branch,SBIN000005,2026-02-15,105754.34,Verified
ACC100494,Priya Yadav,Female,1961-01-29,9089261371,priya.yadav17@gmail.com,Lucknow,Uttar Pradesh,Savings,Retail,Hazratganj Branch,SBIN000015,2021-08-08,4173.12,Verified
ACC100495,Ashok Deshmukh,Male,2002-01-25,9520177749,ashok.deshmukh615@gmail.com,Jaipur,Rajasthan,Salary,Retail,C Scheme Branch,SBIN000014,2020-10-02,22638.6,Verified
ACC100496,Kritika Deshmukh,Female,1988-10-06,9230450189,kritika.deshmukh2@outlook.com,Pune,Maharashtra,Savings,Retail,Hinjewadi Branch,SBIN000004,2022-07-25,13942.86,Verified
ACC100497,Meera Chatterjee,Female,1972-09-20,9326642147,meera.chatterjee494@yahoo.com,Kolkata,West Bengal,Salary,Retail,Salt Lake Branch,SBIN000012,2022-12-23,23522.12,Verified
ACC100498,Pranav Kapoor,Male,1997-01-24,9583776749,pranav.kapoor880@gmail.com,Chandigarh,Chandigarh,Savings,Retail,Sector 17 Branch,SBIN000019,2024-12-26,6580.31,Verified
ACC100499,Deepak Kulkarni,Male,1985-06-03,6610857327,deepak.kulkarni536@gmail.com,Jaipur,Rajasthan,Savings,Retail,C Scheme Branch,SBIN000014,2021-02-19,1170.74,Verified
ACC100500,Kartik Agarwal,Male,1981-03-08,9742243864,kartik.agarwal668@outlook.com,Bengaluru,Karnataka,Current,Retail,Koramangala Branch,SBIN000007,2024-06-16,4714.69,Verified
ACC100501,Naveen Kulkarni,Male,1983-07-30,6617945491,naveen.kulkarni209@yahoo.com,Jaipur,Rajasthan,Savings,Retail,C Scheme Branch,SBIN000014,2023-11-19,10538.9,Pending
ACC100502,Kritika Joshi,Female,1995-03-08,9164597794,kritika.joshi353@outlook.com,Delhi,Delhi,Savings,Retail,Karol Bagh Branch,SBIN000006,2020-09-11,8359.67,Verified
ACC100503,Arjun Pandey,Male,1970-05-26,9416800610,arjun.pandey220@outlook.com,Pune,Maharashtra,Current,Retail,Hinjewadi Branch,SBIN000004,2026-01-26,4883.08,Verified
ACC100504,Aryan Trivedi,Male,1960-07-24,9956412203,aryan.trivedi652@gmail.com,Surat,Gujarat,Savings,Retail,Adajan Branch,SBIN000018,2023-06-11,10338.49,Verified
ACC100505,Bhavna Reddy,Female,1957-02-02,9368314727,bhavna.reddy82@outlook.com,Nagpur,Maharashtra,Salary,Retail,Sitabuldi Branch,SBIN000016,2020-09-10,6322.49,Verified
ACC100506,Kartik Yadav,Male,1975-01-26,9793349605,kartik.yadav969@gmail.com,Ahmedabad,Gujarat,Savings,Retail,Navrangpura Branch,SBIN000013,2021-04-17,15339.34,Verified
ACC100507,Divya Sharma,Female,1951-01-21,9840767899,divya.sharma803@outlook.com,Bengaluru,Karnataka,Salary,Corporate,Koramangala Branch,SBIN000007,2024-05-10,137635.92,Verified
ACC100508,Sanjay Mehta,Male,2004-11-05,9695814671,sanjay.mehta162@gmail.com,Kochi,Kerala,Savings,Retail,MG Road Branch,SBIN000020,2025-12-29,1006.89,Verified
ACC100509,Deepika Das,Female,1979-04-20,9437573839,deepika.das721@gmail.com,Kolkata,West Bengal,Current,Retail,Salt Lake Branch,SBIN000012,2026-03-13,1368.8,Verified
ACC100510,Kritika Patel,Female,2003-04-30,6572934172,kritika.patel621@gmail.com,Surat,Gujarat,Salary,Retail,Adajan Branch,SBIN000018,2022-08-15,7636.19,Pending
ACC100511,Kartik Menon,Male,1960-08-26,9338005452,kartik.menon302@yahoo.com,Mumbai,Maharashtra,Savings,Retail,Andheri Branch,SBIN000001,2021-07-13,2737.26,Verified
ACC100512,Aarti Deshmukh,Female,1960-09-25,9931837455,aarti.deshmukh990@yahoo.com,Hyderabad,Telangana,Salary,Premium,Banjara Hills Branch,SBIN000009,2025-09-21,110244.94,Verified
ACC100513,Deepika Mehta,Female,1995-03-24,9077119918,deepika.mehta29@yahoo.com,Chennai,Tamil Nadu,Salary,Retail,Anna Nagar Branch,SBIN000011,2025-03-10,15083.84,Verified
ACC100514,Aditya Das,Male,1953-01-13,9787125521,aditya.das529@outlook.com,Bengaluru,Karnataka,Current,Retail,Whitefield Branch,SBIN000008,2021-03-24,23930.7,Verified
ACC100515,Harsh Shah,Male,1999-10-27,9482145653,harsh.shah568@gmail.com,Bengaluru,Karnataka,Savings,Retail,Whitefield Branch,SBIN000008,2023-03-20,9207.83,Verified
ACC100516,Dhruv Gupta,Male,1959-05-24,6678507208,dhruv.gupta511@outlook.com,Chandigarh,Chandigarh,Savings,Corporate,Sector 17 Branch,SBIN000019,2025-02-02,459467.36,Verified
ACC100517,Nikhil Mehta,Male,2005-05-02,9602908466,nikhil.mehta160@gmail.com,Hyderabad,Telangana,Savings,Retail,Banjara Hills Branch,SBIN000009,2021-02-07,15846.33,Verified
ACC100518,Aditya Bansal,Male,2001-12-23,9892673899,aditya.bansal494@yahoo.com,Nagpur,Maharashtra,Savings,Premium,Sitabuldi Branch,SBIN000016,2024-10-10,25494.21,Verified
ACC100519,Shreya Mishra,Female,1988-06-02,9856288431,shreya.mishra287@yahoo.com,Chandigarh,Chandigarh,Salary,Retail,Sector 17 Branch,SBIN000019,2024-10-03,22984.16,Pending
ACC100520,Rajesh Reddy,Male,1980-04-11,8943468105,rajesh.reddy356@yahoo.com,Mumbai,Maharashtra,Savings,Retail,Bandra Branch,SBIN000002,2022-06-17,1781.5,Pending
ACC100521,Deepika Rao,Female,1965-08-31,9907539989,deepika.rao13@outlook.com,Lucknow,Uttar Pradesh,Salary,Retail,Hazratganj Branch,SBIN000015,2023-08-16,17541.05,Verified
ACC100522,Rajesh Nair,Male,1964-02-29,9589357126,rajesh.nair276@yahoo.com,Chennai,Tamil Nadu,Savings,Premium,Anna Nagar Branch,SBIN000011,2022-05-20,54170.37,Verified
ACC100523,Priya Singh,Female,1998-08-26,9715869886,priya.singh875@yahoo.com,Delhi,Delhi,Savings,Retail,Karol Bagh Branch,SBIN000006,2021-02-01,9935.43,Verified
ACC100524,Reyansh Menon,Male,2001-03-06,9282772881,reyansh.menon824@gmail.com,Delhi,Delhi,Salary,Retail,Connaught Place Branch,SBIN000005,2024-01-31,18299.57,Verified
ACC100525,Radhika Das,Female,1990-11-18,9961159408,radhika.das181@yahoo.com,Bengaluru,Karnataka,Savings,Corporate,Koramangala Branch,SBIN000007,2023-04-25,412550.76,Verified
ACC100526,Deepak Pandey,Male,1959-06-29,9229604432,deepak.pandey880@outlook.com,Indore,Madhya Pradesh,Savings,Retail,Vijay Nagar Branch,SBIN000017,2022-10-24,7023.38,Verified
ACC100527,Vihaan Chopra,Male,1998-02-10,9679497567,vihaan.chopra461@outlook.com,Delhi,Delhi,Savings,Premium,Karol Bagh Branch,SBIN000006,2023-07-07,101882.09,Verified
ACC100528,Dhruv Singh,Male,1999-01-01,7725199663,dhruv.singh360@outlook.com,Surat,Gujarat,Savings,Premium,Adajan Branch,SBIN000018,2025-07-26,73528.92,Verified
ACC100529,Ira Menon,Female,2002-10-25,9094818139,ira.menon333@outlook.com,Chandigarh,Chandigarh,Current,Retail,Sector 17 Branch,SBIN000019,2022-08-14,7830.61,Pending
ACC100530,Gaurav Kapoor,Male,1982-01-10,9820433971,gaurav.kapoor149@gmail.com,Lucknow,Uttar Pradesh,Salary,Retail,Hazratganj Branch,SBIN000015,2025-02-11,16161.09,Verified
ACC100531,Tanvi Kumar,Female,1997-05-27,9562608564,tanvi.kumar166@yahoo.com,Jaipur,Rajasthan,Current,Retail,C Scheme Branch,SBIN000014,2024-03-20,2712.26,Verified
ACC100532,Aryan Agarwal,Male,1955-11-18,9124620952,aryan.agarwal800@yahoo.com,Chennai,Tamil Nadu,Current,Retail,T Nagar Branch,SBIN000010,2026-06-09,22304.6,Verified
ACC100533,Meera Bose,Female,1952-03-05,6546103399,meera.bose258@outlook.com,Jaipur,Rajasthan,Savings,Premium,C Scheme Branch,SBIN000014,2020-12-12,50501.53,Verified
ACC100534,Aadhya Gupta,Female,1964-04-26,9786170630,aadhya.gupta56@gmail.com,Delhi,Delhi,Savings,Retail,Karol Bagh Branch,SBIN000006,2023-08-19,12356.46,Pending
ACC100535,Meera Malhotra,Female,1966-03-19,9967183258,meera.malhotra400@yahoo.com,Pune,Maharashtra,Savings,Retail,Shivaji Nagar Branch,SBIN000003,2026-05-05,23358.15,Verified
ACC100536,Nikhil Patel,Male,2007-10-01,9794200749,nikhil.patel680@yahoo.com,Lucknow,Uttar Pradesh,Current,Retail,Hazratganj Branch,SBIN000015,2025-04-05,1685.71,Verified
ACC100537,Priya Pandey,Female,1965-02-25,9028914161,priya.pandey139@outlook.com,Nagpur,Maharashtra,Savings,Premium,Sitabuldi Branch,SBIN000016,2024-08-26,91310.89,Pending
ACC100538,Swati Pillai,Female,1998-10-09,8554743553,swati.pillai655@outlook.com,Lucknow,Uttar Pradesh,Current,Retail,Hazratganj Branch,SBIN000015,2024-12-02,13563.04,Verified
ACC100539,Dhruv Joshi,Male,1977-04-08,7002687681,dhruv.joshi160@yahoo.com,Surat,Gujarat,Savings,Retail,Adajan Branch,SBIN000018,2024-03-04,10892.89,Verified
ACC100540,Rahul Naidu,Male,1996-04-07,9569562017,rahul.naidu970@yahoo.com,Delhi,Delhi,Savings,Retail,Connaught Place Branch,SBIN000005,2024-06-20,23130.12,Verified
ACC100541,Gaurav Chatterjee,Male,1972-02-02,9319433750,gaurav.chatterjee904@outlook.com,Chennai,Tamil Nadu,Savings,Premium,T Nagar Branch,SBIN000010,2021-10-01,44514.23,Verified
ACC100542,Ishaan Rao,Male,1966-11-19,9498728399,ishaan.rao530@outlook.com,Ahmedabad,Gujarat,Salary,Retail,Navrangpura Branch,SBIN000013,2025-12-28,16007.75,Verified
ACC100543,Ritu Shah,Female,1983-05-19,9384308948,ritu.shah71@gmail.com,Chennai,Tamil Nadu,Current,Retail,T Nagar Branch,SBIN000010,2020-12-27,5512.02,Verified
ACC100544,Vihaan Agarwal,Male,2001-10-27,6418775803,vihaan.agarwal20@gmail.com,Lucknow,Uttar Pradesh,Savings,Retail,Hazratganj Branch,SBIN000015,2020-08-11,5506.95,Verified
ACC100545,Amit Sharma,Male,1953-04-28,9519036133,amit.sharma9@gmail.com,Delhi,Delhi,Salary,Retail,Karol Bagh Branch,SBIN000006,2026-01-27,11522.0,Verified
ACC100546,Aarav Joshi,Male,1960-02-21,9954317350,aarav.joshi475@outlook.com,Bengaluru,Karnataka,Savings,Retail,Koramangala Branch,SBIN000007,2022-06-14,24951.12,Verified
ACC100547,Priya Iyer,Female,1998-04-04,7179110065,priya.iyer197@yahoo.com,Delhi,Delhi,Savings,Premium,Connaught Place Branch,SBIN000005,2023-09-12,81119.08,Verified
ACC100548,Bhavna Sharma,Female,2002-03-24,9961108046,bhavna.sharma254@outlook.com,Pune,Maharashtra,Salary,Premium,Hinjewadi Branch,SBIN000004,2024-09-24,146746.39,Verified
ACC100549,Ira Bose,Female,1973-11-24,9767699150,ira.bose320@yahoo.com,Pune,Maharashtra,Savings,Corporate,Hinjewadi Branch,SBIN000004,2024-04-11,356649.04,Verified
ACC100550,Nikhil Verma,Male,1976-12-08,9193928456,nikhil.verma909@gmail.com,Surat,Gujarat,Savings,Retail,Adajan Branch,SBIN000018,2022-07-22,5769.37,Verified
ACC100551,Ira Nair,Female,1978-07-10,9249685498,ira.nair123@yahoo.com,Bengaluru,Karnataka,Current,Retail,Whitefield Branch,SBIN000008,2024-04-19,7626.4,Verified
ACC100552,Saanvi Verma,Female,1995-07-31,9089203880,saanvi.verma92@gmail.com,Chandigarh,Chandigarh,Current,Retail,Sector 17 Branch,SBIN000019,2021-06-23,9913.57,Verified
ACC100553,Aditya Bansal,Male,1975-01-30,9779599594,aditya.bansal365@outlook.com,Kochi,Kerala,Savings,Corporate,MG Road Branch,SBIN000020,2021-10-06,77023.55,Verified
ACC100554,Amit Trivedi,Male,1974-11-20,9337933756,amit.trivedi775@yahoo.com,Pune,Maharashtra,Savings,Retail,Hinjewadi Branch,SBIN000004,2021-07-26,19925.48,Pending
ACC100555,Divya Kapoor,Female,1962-07-05,9081247395,divya.kapoor41@yahoo.com,Bengaluru,Karnataka,Savings,Retail,Koramangala Branch,SBIN000007,2021-09-12,7016.71,Verified
ACC100556,Kritika Patel,Female,1953-02-23,9258323024,kritika.patel750@yahoo.com,Surat,Gujarat,Current,Retail,Adajan Branch,SBIN000018,2020-10-10,9343.95,Verified
ACC100557,Harsh Pillai,Male,2003-06-03,9473552896,harsh.pillai555@yahoo.com,Surat,Gujarat,Savings,Retail,Adajan Branch,SBIN000018,2020-09-21,20666.05,Verified
ACC100558,Gaurav Agarwal,Male,2001-07-19,8655963099,gaurav.agarwal795@outlook.com,Indore,Madhya Pradesh,Savings,Retail,Vijay Nagar Branch,SBIN000017,2020-12-27,21563.9,Verified
ACC100559,Nikhil Iyer,Male,1961-07-27,9289731791,nikhil.iyer158@outlook.com,Surat,Gujarat,Salary,Retail,Adajan Branch,SBIN000018,2023-10-16,19377.62,Verified
ACC100560,Manav Agarwal,Male,1960-04-24,9558777496,manav.agarwal133@gmail.com,Chennai,Tamil Nadu,Savings,Retail,Anna Nagar Branch,SBIN000011,2022-11-29,21044.64,Verified
ACC100561,Ira Nair,Female,1987-08-12,7363466925,ira.nair502@outlook.com,Nagpur,Maharashtra,Savings,Retail,Sitabuldi Branch,SBIN000016,2025-04-24,10326.37,Verified
ACC100562,Swati Shah,Female,1965-05-13,9390789567,swati.shah214@outlook.com,Mumbai,Maharashtra,Savings,Retail,Bandra Branch,SBIN000002,2021-02-07,23325.06,Verified
ACC100563,Deepak Naidu,Male,1977-09-20,9273415148,deepak.naidu912@yahoo.com,Pune,Maharashtra,Savings,Retail,Shivaji Nagar Branch,SBIN000003,2023-01-14,18843.46,Verified
ACC100564,Aarti Chopra,Female,1980-05-05,9508353544,aarti.chopra312@gmail.com,Mumbai,Maharashtra,Salary,Retail,Bandra Branch,SBIN000002,2024-06-08,2689.32,Verified
ACC100565,Meera Nair,Female,1993-10-28,8404456690,meera.nair255@outlook.com,Pune,Maharashtra,Current,Retail,Hinjewadi Branch,SBIN000004,2025-03-06,13628.61,Verified
ACC100566,Anika Kulkarni,Female,1977-12-23,9738987751,anika.kulkarni470@outlook.com,Surat,Gujarat,Savings,Retail,Adajan Branch,SBIN000018,2023-08-28,9591.12,Verified
ACC100567,Sakshi Nair,Female,1968-10-04,8052924075,sakshi.nair547@outlook.com,Delhi,Delhi,Current,Retail,Karol Bagh Branch,SBIN000006,2021-09-19,16780.77,Verified
ACC100568,Dhruv Mishra,Male,1970-04-24,9090225999,dhruv.mishra649@yahoo.com,Chennai,Tamil Nadu,Savings,Corporate,Anna Nagar Branch,SBIN000011,2023-02-05,235554.48,Verified
ACC100569,Priya Pillai,Female,1983-11-20,8637159741,priya.pillai261@yahoo.com,Bengaluru,Karnataka,Savings,Retail,Whitefield Branch,SBIN000008,2022-12-05,23227.53,Verified
ACC100570,Divya Das,Female,1960-07-17,9231643348,divya.das912@yahoo.com,Mumbai,Maharashtra,Current,Corporate,Andheri Branch,SBIN000001,2024-08-15,282924.21,Verified
ACC100571,Ishaan Gupta,Male,1954-08-29,6212867163,ishaan.gupta567@outlook.com,Chennai,Tamil Nadu,Savings,Premium,Anna Nagar Branch,SBIN000011,2020-12-10,55874.43,Verified
ACC100572,Tanvi Menon,Female,1958-02-19,9493874302,tanvi.menon911@outlook.com,Delhi,Delhi,Savings,Retail,Connaught Place Branch,SBIN000005,2021-10-28,7359.72,Verified
ACC100573,Rohan Trivedi,Male,1976-06-14,7779014754,rohan.trivedi741@yahoo.com,Chennai,Tamil Nadu,Savings,Retail,T Nagar Branch,SBIN000010,2025-07-07,18622.38,Verified
ACC100574,Anika Joshi,Female,1973-04-14,9676291603,anika.joshi828@outlook.com,Chandigarh,Chandigarh,Salary,Retail,Sector 17 Branch,SBIN000019,2025-07-04,1896.92,Verified
ACC100575,Gaurav Verma,Male,2001-12-18,6815118567,gaurav.verma891@gmail.com,Chennai,Tamil Nadu,Savings,Premium,Anna Nagar Branch,SBIN000011,2021-07-16,132818.04,Verified
ACC100576,Radhika Pillai,Female,1960-02-29,7656360041,radhika.pillai327@outlook.com,Mumbai,Maharashtra,Current,Retail,Andheri Branch,SBIN000001,2021-11-01,13585.2,Verified
ACC100577,Priya Deshmukh,Female,1991-09-24,9837274220,priya.deshmukh771@outlook.com,Bengaluru,Karnataka,Savings,Retail,Whitefield Branch,SBIN000008,2021-05-31,24304.97,Pending
ACC100578,Aadhya Mehta,Female,1985-10-22,9042752308,aadhya.mehta586@outlook.com,Jaipur,Rajasthan,Savings,Retail,C Scheme Branch,SBIN000014,2021-08-27,2981.08,Verified
ACC100579,Kartik Shah,Male,1963-02-20,9900633533,kartik.shah493@outlook.com,Pune,Maharashtra,Savings,Retail,Shivaji Nagar Branch,SBIN000003,2024-10-01,19288.79,Verified
ACC100580,Kartik Agarwal,Male,1955-11-26,9122068155,kartik.agarwal74@yahoo.com,Chandigarh,Chandigarh,Savings,Retail,Sector 17 Branch,SBIN000019,2023-02-11,6909.9,Verified
ACC100581,Priya Bansal,Female,1983-03-15,9331552065,priya.bansal329@yahoo.com,Chandigarh,Chandigarh,Savings,Retail,Sector 17 Branch,SBIN000019,2021-09-23,9359.39,Verified
ACC100582,Saanvi Malhotra,Female,1951-04-18,9013649718,saanvi.malhotra639@gmail.com,Chennai,Tamil Nadu,Savings,Retail,T Nagar Branch,SBIN000010,2021-11-13,20267.1,Verified
ACC100583,Ashok Naidu,Male,1996-06-29,9625257150,ashok.naidu116@outlook.com,Bengaluru,Karnataka,Savings,Retail,Whitefield Branch,SBIN000008,2026-02-04,21466.34,Verified
ACC100584,Vikram Yadav,Male,1985-11-23,9030914363,vikram.yadav114@yahoo.com,Delhi,Delhi,Salary,Premium,Connaught Place Branch,SBIN000005,2024-02-01,110193.38,Verified
ACC100585,Aarav Kumar,Male,1986-07-19,9630397524,aarav.kumar562@yahoo.com,Bengaluru,Karnataka,Current,Retail,Koramangala Branch,SBIN000007,2020-12-15,19008.52,Verified
ACC100586,Myra Chopra,Female,1969-01-07,9355338033,myra.chopra62@yahoo.com,Mumbai,Maharashtra,Savings,Premium,Andheri Branch,SBIN000001,2025-04-16,53209.32,Verified
ACC100587,Sanjay Pillai,Male,1985-11-13,9713023212,sanjay.pillai278@outlook.com,Hyderabad,Telangana,Savings,Retail,Banjara Hills Branch,SBIN000009,2022-11-15,10327.48,Verified
ACC100588,Ritu Singh,Female,1984-12-21,6742336293,ritu.singh390@outlook.com,Pune,Maharashtra,Savings,Premium,Hinjewadi Branch,SBIN000004,2025-07-21,50051.92,Verified
ACC100589,Diya Mishra,Female,1968-03-07,9662776896,diya.mishra990@yahoo.com,Chennai,Tamil Nadu,Savings,Retail,Anna Nagar Branch,SBIN000011,2024-01-13,5773.0,Verified
ACC100590,Sunita Sharma,Female,1994-09-13,9498282467,sunita.sharma161@gmail.com,Mumbai,Maharashtra,Savings,Retail,Bandra Branch,SBIN000002,2025-06-26,10441.6,Verified
ACC100591,Dhruv Singh,Male,1968-05-04,7323008576,dhruv.singh641@yahoo.com,Chennai,Tamil Nadu,Savings,Corporate,T Nagar Branch,SBIN000010,2022-04-15,415351.79,Verified
ACC100592,Sakshi Naidu,Female,2004-04-16,9160169236,sakshi.naidu403@outlook.com,Mumbai,Maharashtra,Salary,Corporate,Andheri Branch,SBIN000001,2026-03-16,203803.77,Verified
ACC100593,Nikhil Das,Male,2006-02-11,9663370502,nikhil.das247@outlook.com,Indore,Madhya Pradesh,Salary,Retail,Vijay Nagar Branch,SBIN000017,2025-03-13,6458.27,Verified
ACC100594,Kabir Yadav,Male,1965-10-04,9201166918,kabir.yadav555@outlook.com,Kochi,Kerala,Savings,Retail,MG Road Branch,SBIN000020,2023-04-25,4325.84,Verified
ACC100595,Radhika Reddy,Female,2003-05-19,8869461195,radhika.reddy931@gmail.com,Chennai,Tamil Nadu,Current,Premium,T Nagar Branch,SBIN000010,2025-10-27,75908.36,Verified
ACC100596,Swati Yadav,Female,1997-10-29,9701168646,swati.yadav326@gmail.com,Delhi,Delhi,Savings,Retail,Karol Bagh Branch,SBIN000006,2022-03-15,3841.29,Pending
ACC100597,Deepika Kumar,Female,1960-06-30,8179323023,deepika.kumar653@outlook.com,Jaipur,Rajasthan,Salary,Retail,C Scheme Branch,SBIN000014,2022-10-31,20720.76,Verified
ACC100598,Gaurav Gupta,Male,1965-08-23,9141614150,gaurav.gupta621@outlook.com,Pune,Maharashtra,Savings,Retail,Hinjewadi Branch,SBIN000004,2025-12-23,15806.72,Pending
ACC100599,Nisha Mehta,Female,1984-07-26,9901380698,nisha.mehta515@outlook.com,Bengaluru,Karnataka,Current,Retail,Whitefield Branch,SBIN000008,2023-06-13,12438.45,Verified
ACC100600,Suresh Singh,Male,2007-11-04,6555535669,suresh.singh34@yahoo.com,Delhi,Delhi,Salary,Retail,Karol Bagh Branch,SBIN000006,2025-02-19,5638.24,Verified
ACC100601,Saanvi Yadav,Female,1953-12-02,6209184357,saanvi.yadav210@gmail.com,Hyderabad,Telangana,Salary,Retail,Banjara Hills Branch,SBIN000009,2022-09-21,5868.01,Verified
ACC100602,Yash Pandey,Male,1986-06-19,9505057397,yash.pandey415@gmail.com,Kochi,Kerala,Savings,Retail,MG Road Branch,SBIN000020,2024-07-11,6922.81,Verified
ACC100603,Bhavna Das,Female,1973-10-23,9649328980,bhavna.das657@outlook.com,Chennai,Tamil Nadu,Savings,Corporate,Anna Nagar Branch,SBIN000011,2024-04-01,291271.72,Verified
ACC100604,Meera Nair,Female,1958-01-06,7178333211,meera.nair551@yahoo.com,Lucknow,Uttar Pradesh,Savings,Premium,Hazratganj Branch,SBIN000015,2025-05-07,51943.81,Verified
ACC100605,Ananya Kulkarni,Female,1975-10-29,9471287153,ananya.kulkarni408@yahoo.com,Ahmedabad,Gujarat,Savings,Retail,Navrangpura Branch,SBIN000013,2024-11-12,7988.3,Verified
ACC100606,Ishita Bose,Female,2004-08-23,8633414111,ishita.bose146@yahoo.com,Delhi,Delhi,Savings,Retail,Karol Bagh Branch,SBIN000006,2025-03-02,13407.27,Verified
ACC100607,Divya Iyer,Female,1970-05-02,9569040983,divya.iyer139@yahoo.com,Indore,Madhya Pradesh,Savings,Premium,Vijay Nagar Branch,SBIN000017,2024-02-17,110494.84,Pending
ACC100608,Yash Sharma,Male,1999-09-26,9931608752,yash.sharma93@yahoo.com,Delhi,Delhi,Savings,Premium,Karol Bagh Branch,SBIN000006,2026-06-10,134731.3,Verified
ACC100609,Suresh Yadav,Male,1997-12-09,9420954814,suresh.yadav372@gmail.com,Delhi,Delhi,Current,Retail,Karol Bagh Branch,SBIN000006,2022-05-15,11785.56,Verified
ACC100610,Kartik Kapoor,Male,2008-06-02,6052330276,kartik.kapoor175@yahoo.com,Indore,Madhya Pradesh,Savings,Retail,Vijay Nagar Branch,SBIN000017,2024-10-23,2053.75,Verified
ACC100611,Ritu Pandey,Female,1967-12-13,9675661844,ritu.pandey316@yahoo.com,Delhi,Delhi,Savings,Retail,Connaught Place Branch,SBIN000005,2025-06-16,2231.45,Verified
ACC100612,Divya Patel,Female,1990-12-28,9047292774,divya.patel260@gmail.com,Delhi,Delhi,Savings,Retail,Karol Bagh Branch,SBIN000006,2021-10-05,15941.45,Verified
ACC100613,Naveen Joshi,Male,2002-08-22,9266201572,naveen.joshi676@yahoo.com,Surat,Gujarat,Salary,Retail,Adajan Branch,SBIN000018,2021-11-06,6204.97,Verified
ACC100614,Yash Iyer,Male,2005-06-01,6301367492,yash.iyer571@gmail.com,Kochi,Kerala,Savings,Retail,MG Road Branch,SBIN000020,2021-04-19,15874.38,Verified
ACC100615,Arjun Verma,Male,1988-06-18,7501111783,arjun.verma306@yahoo.com,Kolkata,West Bengal,Savings,Premium,Salt Lake Branch,SBIN000012,2022-11-02,128941.88,Verified
ACC100616,Ananya Nair,Female,1951-12-08,9676492151,ananya.nair717@outlook.com,Jaipur,Rajasthan,Salary,Retail,C Scheme Branch,SBIN000014,2024-01-06,16862.19,Verified
ACC100617,Kritika Rao,Female,1992-01-01,8887189813,kritika.rao331@yahoo.com,Lucknow,Uttar Pradesh,Current,Retail,Hazratganj Branch,SBIN000015,2025-09-27,19444.29,Verified
ACC100618,Bhavna Iyer,Female,2006-08-11,8751029321,bhavna.iyer881@yahoo.com,Jaipur,Rajasthan,Salary,Retail,C Scheme Branch,SBIN000014,2025-12-13,3928.56,Verified
ACC100619,Manav Deshmukh,Male,1983-03-24,9582603408,manav.deshmukh645@outlook.com,Bengaluru,Karnataka,Current,Retail,Koramangala Branch,SBIN000007,2025-09-03,18513.48,Verified
ACC100620,Shreya Kapoor,Female,2003-01-26,9859883103,shreya.kapoor325@yahoo.com,Kochi,Kerala,Salary,Corporate,MG Road Branch,SBIN000020,2022-05-07,323980.07,Verified
ACC100621,Vikram Singh,Male,1952-09-24,9954296184,vikram.singh828@gmail.com,Delhi,Delhi,Savings,Retail,Connaught Place Branch,SBIN000005,2021-06-11,12945.79,Verified
ACC100622,Kavya Chopra,Female,1965-09-20,9628314359,kavya.chopra121@outlook.com,Chennai,Tamil Nadu,Salary,Retail,T Nagar Branch,SBIN000010,2024-06-21,16011.06,Verified
ACC100623,Aarti Pillai,Female,1988-09-22,6609314181,aarti.pillai12@outlook.com,Jaipur,Rajasthan,Savings,Retail,C Scheme Branch,SBIN000014,2025-06-28,16300.09,Verified
ACC100624,Kabir Shah,Male,1990-04-10,9234016361,kabir.shah703@yahoo.com,Pune,Maharashtra,Savings,Retail,Shivaji Nagar Branch,SBIN000003,2023-01-09,1147.15,Verified
ACC100625,Nikhil Menon,Male,1996-01-01,8594849102,nikhil.menon945@outlook.com,Kochi,Kerala,Salary,Premium,MG Road Branch,SBIN000020,2021-05-02,128397.29,Verified
ACC100626,Siddharth Trivedi,Male,1969-01-16,9679240822,siddharth.trivedi550@yahoo.com,Mumbai,Maharashtra,Current,Retail,Bandra Branch,SBIN000002,2025-01-29,22409.4,Verified
ACC100627,Harsh Chatterjee,Male,1958-11-16,9672757844,harsh.chatterjee549@gmail.com,Mumbai,Maharashtra,Salary,Retail,Bandra Branch,SBIN000002,2023-12-25,8572.07,Verified
ACC100628,Anil Kumar,Male,2005-11-08,6511131290,anil.kumar385@outlook.com,Kolkata,West Bengal,Savings,Retail,Salt Lake Branch,SBIN000012,2023-09-14,9139.66,Verified
ACC100629,Anika Menon,Female,1955-07-04,9778816093,anika.menon723@yahoo.com,Kochi,Kerala,Savings,Retail,MG Road Branch,SBIN000020,2022-04-21,19036.97,Verified
ACC100630,Riya Chatterjee,Female,2003-06-08,8909728321,riya.chatterjee222@outlook.com,Pune,Maharashtra,Savings,Retail,Shivaji Nagar Branch,SBIN000003,2025-01-16,23817.44,Verified
ACC100631,Vihaan Singh,Male,1971-11-21,6251538144,vihaan.singh495@outlook.com,Mumbai,Maharashtra,Current,Premium,Bandra Branch,SBIN000002,2021-05-24,23241.52,Verified
ACC100632,Aryan Yadav,Male,1978-08-15,9807970509,aryan.yadav893@gmail.com,Nagpur,Maharashtra,Current,Retail,Sitabuldi Branch,SBIN000016,2022-03-06,4439.08,Verified
ACC100633,Meera Bansal,Female,1977-04-20,6501673188,meera.bansal119@gmail.com,Delhi,Delhi,Savings,Retail,Connaught Place Branch,SBIN000005,2022-05-18,21755.44,Verified
ACC100634,Vivaan Bansal,Male,2002-09-18,9765456284,vivaan.bansal785@outlook.com,Kochi,Kerala,Salary,Retail,MG Road Branch,SBIN000020,2023-01-18,3474.47,Verified
ACC100635,Saanvi Menon,Female,1956-11-26,6053134026,saanvi.menon546@yahoo.com,Chennai,Tamil Nadu,Current,Retail,T Nagar Branch,SBIN000010,2023-03-19,7877.62,Verified
ACC100636,Ritu Nair,Female,1975-01-09,9167872568,ritu.nair527@gmail.com,Hyderabad,Telangana,Savings,Retail,Banjara Hills Branch,SBIN000009,2022-07-29,15950.68,Verified
ACC100637,Dhruv Kulkarni,Male,1992-09-16,9225803056,dhruv.kulkarni176@gmail.com,Chennai,Tamil Nadu,Savings,Corporate,Anna Nagar Branch,SBIN000011,2025-01-08,308337.32,Verified
ACC100638,Deepak Kumar,Male,2007-03-27,7163928234,deepak.kumar109@yahoo.com,Surat,Gujarat,Savings,Retail,Adajan Branch,SBIN000018,2024-12-29,17211.9,Verified
ACC100639,Manav Das,Male,1995-01-27,9892392312,manav.das457@outlook.com,Delhi,Delhi,Current,Premium,Karol Bagh Branch,SBIN000006,2025-10-01,109716.24,Verified
ACC100640,Aryan Naidu,Male,1973-11-16,9310668433,aryan.naidu774@yahoo.com,Bengaluru,Karnataka,Current,Retail,Koramangala Branch,SBIN000007,2022-03-26,24368.37,Verified
ACC100641,Aadhya Naidu,Female,1970-02-05,9545635020,aadhya.naidu482@gmail.com,Lucknow,Uttar Pradesh,Savings,Retail,Hazratganj Branch,SBIN000015,2023-06-16,19395.84,Verified
ACC100642,Myra Pandey,Female,1950-08-19,9916247554,myra.pandey339@yahoo.com,Kochi,Kerala,Savings,Retail,MG Road Branch,SBIN000020,2024-07-14,23014.35,Verified
ACC100643,Aarav Iyer,Male,1957-01-25,9895343961,aarav.iyer357@outlook.com,Nagpur,Maharashtra,Savings,Retail,Sitabuldi Branch,SBIN000016,2024-08-02,7774.18,Verified
ACC100644,Meera Nair,Female,2002-01-22,9711895473,meera.nair812@yahoo.com,Ahmedabad,Gujarat,Salary,Premium,Navrangpura Branch,SBIN000013,2021-05-18,104428.68,Verified
ACC100645,Pooja Menon,Female,1981-07-19,9855716176,pooja.menon68@yahoo.com,Jaipur,Rajasthan,Savings,Retail,C Scheme Branch,SBIN000014,2021-07-07,12576.99,Verified
ACC100646,Sanjay Menon,Male,1980-12-23,9409036788,sanjay.menon242@gmail.com,Jaipur,Rajasthan,Current,Retail,C Scheme Branch,SBIN000014,2026-04-11,14068.65,Verified
ACC100647,Aadhya Kapoor,Female,2006-12-14,9432029390,aadhya.kapoor100@yahoo.com,Chandigarh,Chandigarh,Salary,Retail,Sector 17 Branch,SBIN000019,2021-08-02,8809.07,Verified
ACC100648,Kartik Iyer,Male,2001-08-04,9344812308,kartik.iyer507@outlook.com,Kochi,Kerala,Savings,Premium,MG Road Branch,SBIN000020,2025-04-24,69258.43,Verified
ACC100649,Aadhya Gupta,Female,1964-06-01,9338105955,aadhya.gupta151@outlook.com,Delhi,Delhi,Salary,Premium,Connaught Place Branch,SBIN000005,2020-10-31,20023.96,Verified
ACC100650,Amit Patel,Male,1955-06-06,9500534240,amit.patel307@outlook.com,Ahmedabad,Gujarat,Savings,Retail,Navrangpura Branch,SBIN000013,2024-10-20,22058.21,Verified
ACC100651,Ritu Patel,Female,1981-10-08,8373543962,ritu.patel627@outlook.com,Jaipur,Rajasthan,Current,Premium,C Scheme Branch,SBIN000014,2026-06-07,95754.51,Pending
ACC100652,Arjun Pandey,Male,1976-06-21,9727223972,arjun.pandey574@yahoo.com,Chennai,Tamil Nadu,Savings,Premium,T Nagar Branch,SBIN000010,2024-12-12,20109.63,Pending
ACC100653,Kabir Pandey,Male,1988-02-28,9121637618,kabir.pandey392@yahoo.com,Mumbai,Maharashtra,Savings,Premium,Andheri Branch,SBIN000001,2020-09-21,61356.55,Verified
ACC100654,Amit Gupta,Male,1958-07-25,6010023142,amit.gupta861@yahoo.com,Delhi,Delhi,Savings,Retail,Karol Bagh Branch,SBIN000006,2025-01-26,23187.57,Verified
ACC100655,Naveen Bansal,Male,2005-01-15,9327972457,naveen.bansal499@outlook.com,Delhi,Delhi,Savings,Retail,Connaught Place Branch,SBIN000005,2024-03-04,18312.14,Verified
ACC100656,Arjun Iyer,Male,1959-07-25,9184186203,arjun.iyer619@yahoo.com,Delhi,Delhi,Current,Retail,Connaught Place Branch,SBIN000005,2020-12-06,19934.28,Verified
ACC100657,Divya Deshmukh,Female,1951-12-29,6172131451,divya.deshmukh620@gmail.com,Jaipur,Rajasthan,Savings,Retail,C Scheme Branch,SBIN000014,2023-02-22,5458.98,Verified
ACC100658,Radhika Kapoor,Female,1986-04-24,9685926249,radhika.kapoor35@gmail.com,Bengaluru,Karnataka,Current,Retail,Whitefield Branch,SBIN000008,2021-04-21,14832.46,Verified
ACC100659,Sunita Singh,Female,1998-01-08,9102252677,sunita.singh540@yahoo.com,Pune,Maharashtra,Savings,Corporate,Hinjewadi Branch,SBIN000004,2022-09-04,378583.46,Verified
ACC100660,Aditya Deshmukh,Male,1997-11-07,9226557676,aditya.deshmukh80@outlook.com,Kochi,Kerala,Savings,Retail,MG Road Branch,SBIN000020,2021-04-10,24049.87,Verified
ACC100661,Aarti Menon,Female,1985-07-02,8788788361,aarti.menon465@outlook.com,Chennai,Tamil Nadu,Savings,Premium,T Nagar Branch,SBIN000010,2024-05-23,21401.84,Verified
ACC100662,Swati Kapoor,Female,1984-04-18,9305872105,swati.kapoor37@outlook.com,Chennai,Tamil Nadu,Savings,Corporate,Anna Nagar Branch,SBIN000011,2023-02-11,180143.8,Verified
ACC100663,Kavita Patel,Female,1971-07-13,8633302126,kavita.patel673@yahoo.com,Chandigarh,Chandigarh,Savings,Retail,Sector 17 Branch,SBIN000019,2025-08-29,14748.64,Verified
ACC100664,Nisha Sharma,Female,1993-02-13,9179202521,nisha.sharma259@gmail.com,Chennai,Tamil Nadu,Savings,Retail,T Nagar Branch,SBIN000010,2024-09-30,19810.31,Verified
ACC100665,Riya Pandey,Female,1964-10-24,9847657041,riya.pandey155@outlook.com,Hyderabad,Telangana,Savings,Retail,Banjara Hills Branch,SBIN000009,2020-09-03,15202.48,Verified
ACC100666,Pranav Rao,Male,1959-08-23,9066784984,pranav.rao34@yahoo.com,Hyderabad,Telangana,Current,Retail,Banjara Hills Branch,SBIN000009,2025-11-07,13657.33,Verified
ACC100667,Myra Pillai,Female,1991-09-29,6236903628,myra.pillai677@yahoo.com,Delhi,Delhi,Salary,Premium,Connaught Place Branch,SBIN000005,2023-02-15,69811.71,Verified
ACC100668,Anika Gupta,Female,1985-09-11,6205634111,anika.gupta119@gmail.com,Chandigarh,Chandigarh,Current,Retail,Sector 17 Branch,SBIN000019,2021-01-22,19131.61,Verified
ACC100669,Kartik Joshi,Male,1971-08-21,9811390438,kartik.joshi700@outlook.com,Chennai,Tamil Nadu,Savings,Corporate,T Nagar Branch,SBIN000010,2025-03-29,155147.59,Verified
ACC100670,Rohan Reddy,Male,1962-04-20,9097005140,rohan.reddy695@yahoo.com,Indore,Madhya Pradesh,Salary,Retail,Vijay Nagar Branch,SBIN000017,2026-02-19,11771.69,Verified
ACC100671,Ritu Verma,Female,2007-06-22,6521568182,ritu.verma941@outlook.com,Pune,Maharashtra,Salary,Retail,Hinjewadi Branch,SBIN000004,2025-01-29,11362.86,Pending
ACC100672,Priya Shah,Female,1951-12-22,9271133228,priya.shah692@outlook.com,Hyderabad,Telangana,Salary,Retail,Banjara Hills Branch,SBIN000009,2025-05-06,12066.61,Verified
ACC100673,Anil Menon,Male,1980-07-18,9596063399,anil.menon11@outlook.com,Bengaluru,Karnataka,Savings,Retail,Koramangala Branch,SBIN000007,2024-12-10,8518.48,Pending
ACC100674,Aditya Sharma,Male,1954-12-13,9817175242,aditya.sharma291@yahoo.com,Jaipur,Rajasthan,Savings,Retail,C Scheme Branch,SBIN000014,2021-07-04,6265.99,Verified
ACC100675,Aarav Pillai,Male,1954-07-22,7474721970,aarav.pillai614@outlook.com,Pune,Maharashtra,Savings,Retail,Shivaji Nagar Branch,SBIN000003,2024-01-14,6203.79,Verified
ACC100676,Vihaan Iyer,Male,1971-09-07,9895516874,vihaan.iyer991@gmail.com,Kochi,Kerala,Savings,Retail,MG Road Branch,SBIN000020,2022-04-22,14585.65,Verified
ACC100677,Sunita Rao,Female,2001-06-28,8021462961,sunita.rao284@yahoo.com,Hyderabad,Telangana,Savings,Retail,Banjara Hills Branch,SBIN000009,2026-07-04,11882.65,Verified
ACC100678,Ritu Malhotra,Female,1963-07-16,8711216636,ritu.malhotra398@yahoo.com,Chennai,Tamil Nadu,Savings,Premium,Anna Nagar Branch,SBIN000011,2025-10-23,28110.36,Verified
ACC100679,Riya Naidu,Female,1969-08-31,9708272359,riya.naidu403@gmail.com,Hyderabad,Telangana,Savings,Retail,Banjara Hills Branch,SBIN000009,2022-06-28,5816.06,Pending
ACC100680,Diya Reddy,Female,1952-06-01,7303064421,diya.reddy733@yahoo.com,Surat,Gujarat,Current,Retail,Adajan Branch,SBIN000018,2024-03-07,22902.62,Verified
ACC100681,Aditya Iyer,Male,1958-10-27,8342016542,aditya.iyer669@outlook.com,Chandigarh,Chandigarh,Current,Premium,Sector 17 Branch,SBIN000019,2022-03-26,84701.18,Verified
ACC100682,Vivaan Bansal,Male,1962-02-13,6596089319,vivaan.bansal528@outlook.com,Ahmedabad,Gujarat,Savings,Premium,Navrangpura Branch,SBIN000013,2026-03-19,94703.23,Verified
ACC100683,Shreya Joshi,Female,1986-05-11,9751648072,shreya.joshi232@gmail.com,Jaipur,Rajasthan,Savings,Premium,C Scheme Branch,SBIN000014,2022-07-12,29112.96,Verified
ACC100684,Sanjay Naidu,Male,1987-05-23,6829635339,sanjay.naidu311@yahoo.com,Nagpur,Maharashtra,Savings,Retail,Sitabuldi Branch,SBIN000016,2024-05-28,9002.55,Pending
ACC100685,Suresh Iyer,Male,2005-12-30,8177665586,suresh.iyer785@yahoo.com,Kolkata,West Bengal,Savings,Corporate,Salt Lake Branch,SBIN000012,2022-10-22,256837.71,Verified
ACC100686,Anika Kulkarni,Female,1980-12-11,9289286646,anika.kulkarni110@outlook.com,Mumbai,Maharashtra,Salary,Retail,Bandra Branch,SBIN000002,2025-02-27,10362.51,Verified
ACC100687,Shreya Iyer,Female,1987-05-19,9961798178,shreya.iyer608@gmail.com,Lucknow,Uttar Pradesh,Current,Retail,Hazratganj Branch,SBIN000015,2024-10-13,18273.74,Verified
ACC100688,Aditya Trivedi,Male,1984-04-24,7861371576,aditya.trivedi990@gmail.com,Surat,Gujarat,Current,Retail,Adajan Branch,SBIN000018,2020-10-17,20482.67,Pending
ACC100689,Vivaan Kumar,Male,2003-04-07,8444463060,vivaan.kumar963@outlook.com,Mumbai,Maharashtra,Savings,Retail,Bandra Branch,SBIN000002,2024-06-10,13554.87,Verified
ACC100690,Kritika Reddy,Female,1951-07-03,9296386396,kritika.reddy20@yahoo.com,Chandigarh,Chandigarh,Savings,Retail,Sector 17 Branch,SBIN000019,2021-07-06,12733.47,Verified
ACC100691,Nisha Verma,Female,1998-08-28,6582631281,nisha.verma315@gmail.com,Bengaluru,Karnataka,Current,Retail,Whitefield Branch,SBIN000008,2025-05-17,2198.99,Verified
ACC100692,Reyansh Naidu,Male,1987-03-24,9110609209,reyansh.naidu631@gmail.com,Chandigarh,Chandigarh,Savings,Premium,Sector 17 Branch,SBIN000019,2025-04-10,97347.06,Verified
ACC100693,Krishna Chatterjee,Male,1991-08-22,9752334383,krishna.chatterjee701@outlook.com,Chennai,Tamil Nadu,Salary,Corporate,Anna Nagar Branch,SBIN000011,2026-02-01,195905.72,Verified
ACC100694,Priya Naidu,Female,1992-09-22,9209117911,priya.naidu145@yahoo.com,Bengaluru,Karnataka,Current,Retail,Koramangala Branch,SBIN000007,2025-05-30,3897.89,Verified
ACC100695,Dhruv Kulkarni,Male,1958-10-29,9361706171,dhruv.kulkarni868@outlook.com,Delhi,Delhi,Savings,Corporate,Karol Bagh Branch,SBIN000006,2022-02-28,94985.53,Verified
ACC100696,Deepika Rao,Female,1962-10-19,9029901557,deepika.rao724@outlook.com,Mumbai,Maharashtra,Salary,Retail,Andheri Branch,SBIN000001,2023-02-07,23227.29,Verified
ACC100697,Ishita Chatterjee,Female,2008-04-22,9390808823,ishita.chatterjee422@gmail.com,Nagpur,Maharashtra,Current,Retail,Sitabuldi Branch,SBIN000016,2024-03-05,13554.08,Verified
ACC100698,Nisha Chopra,Female,2000-11-17,9124473158,nisha.chopra847@yahoo.com,Mumbai,Maharashtra,Savings,Premium,Bandra Branch,SBIN000002,2021-04-13,31442.76,Verified
ACC100699,Aarav Kulkarni,Male,1988-05-31,9423461994,aarav.kulkarni884@outlook.com,Bengaluru,Karnataka,Savings,Corporate,Whitefield Branch,SBIN000008,2023-05-20,328514.42,Pending
ACC100700,Yash Malhotra,Male,1960-03-17,9459196639,yash.malhotra992@yahoo.com,Bengaluru,Karnataka,Savings,Retail,Koramangala Branch,SBIN000007,2021-10-29,17445.85,Verified
ACC100701,Reyansh Bansal,Male,1971-01-26,8496498560,reyansh.bansal632@yahoo.com,Mumbai,Maharashtra,Savings,Retail,Bandra Branch,SBIN000002,2025-12-13,7033.16,Verified
ACC100702,Nikhil Verma,Male,1957-04-01,9355251050,nikhil.verma917@gmail.com,Surat,Gujarat,Savings,Premium,Adajan Branch,SBIN000018,2025-06-03,35088.46,Verified
ACC100703,Swati Menon,Female,1992-03-05,6493831849,swati.menon113@yahoo.com,Chennai,Tamil Nadu,Savings,Premium,Anna Nagar Branch,SBIN000011,2021-11-15,49908.22,Verified
ACC100704,Ishaan Kapoor,Male,2005-06-26,9533077046,ishaan.kapoor497@gmail.com,Jaipur,Rajasthan,Salary,Retail,C Scheme Branch,SBIN000014,2025-05-30,12303.77,Verified
ACC100705,Myra Gupta,Female,1957-07-08,9040907426,myra.gupta648@yahoo.com,Kochi,Kerala,Savings,Retail,MG Road Branch,SBIN000020,2023-04-19,18275.71,Verified
ACC100706,Ira Kumar,Female,1952-09-30,7164455618,ira.kumar477@yahoo.com,Delhi,Delhi,Savings,Retail,Connaught Place Branch,SBIN000005,2023-10-12,3666.62,Verified
ACC100707,Gaurav Kumar,Male,1995-07-13,7159103002,gaurav.kumar627@gmail.com,Bengaluru,Karnataka,Salary,Retail,Whitefield Branch,SBIN000008,2023-07-18,16311.98,Verified
ACC100708,Kritika Pandey,Female,1956-09-12,9580040104,kritika.pandey606@yahoo.com,Bengaluru,Karnataka,Savings,Premium,Whitefield Branch,SBIN000008,2022-07-10,149436.36,Verified
ACC100709,Riya Sharma,Female,1954-12-14,9712529671,riya.sharma914@outlook.com,Jaipur,Rajasthan,Current,Retail,C Scheme Branch,SBIN000014,2022-07-24,14907.21,Verified
ACC100710,Tanvi Menon,Female,1980-11-11,7314415833,tanvi.menon517@gmail.com,Mumbai,Maharashtra,Savings,Retail,Andheri Branch,SBIN000001,2022-01-12,18603.43,Pending
ACC100711,Kartik Joshi,Male,1990-11-28,9763715398,kartik.joshi750@yahoo.com,Pune,Maharashtra,Savings,Retail,Hinjewadi Branch,SBIN000004,2021-01-17,1298.15,Verified
ACC100712,Myra Singh,Female,1980-05-29,9235679836,myra.singh166@outlook.com,Chennai,Tamil Nadu,Savings,Corporate,T Nagar Branch,SBIN000010,2022-06-20,351066.02,Verified
ACC100713,Rajesh Kapoor,Male,1961-07-02,9711307240,rajesh.kapoor416@gmail.com,Chandigarh,Chandigarh,Savings,Retail,Sector 17 Branch,SBIN000019,2022-04-03,21980.78,Verified
ACC100714,Neha Agarwal,Female,1978-03-23,9563268685,neha.agarwal708@yahoo.com,Lucknow,Uttar Pradesh,Current,Retail,Hazratganj Branch,SBIN000015,2023-10-06,10237.1,Verified
ACC100715,Ishita Chatterjee,Female,1953-09-07,9436294897,ishita.chatterjee702@gmail.com,Hyderabad,Telangana,Current,Retail,Banjara Hills Branch,SBIN000009,2022-03-23,5971.51,Verified
ACC100716,Priya Kapoor,Female,1980-09-05,9009431814,priya.kapoor393@yahoo.com,Mumbai,Maharashtra,Savings,Premium,Bandra Branch,SBIN000002,2021-04-01,26703.14,Verified
ACC100717,Vivaan Singh,Male,1963-09-26,9473235494,vivaan.singh210@gmail.com,Kolkata,West Bengal,Savings,Retail,Salt Lake Branch,SBIN000012,2024-04-18,18024.09,Verified
ACC100718,Kavya Kulkarni,Female,1993-03-02,9122572076,kavya.kulkarni720@gmail.com,Pune,Maharashtra,Current,Premium,Hinjewadi Branch,SBIN000004,2021-02-28,133247.08,Verified
ACC100719,Deepika Mehta,Female,1969-12-22,9579073710,deepika.mehta65@yahoo.com,Chennai,Tamil Nadu,Savings,Retail,Anna Nagar Branch,SBIN000011,2021-08-28,7651.49,Verified
ACC100720,Siddharth Deshmukh,Male,1998-02-05,9211457758,siddharth.deshmukh922@yahoo.com,Indore,Madhya Pradesh,Salary,Retail,Vijay Nagar Branch,SBIN000017,2023-12-24,20809.1,Verified
ACC100721,Dhruv Trivedi,Male,1965-07-11,9589714802,dhruv.trivedi184@yahoo.com,Pune,Maharashtra,Savings,Premium,Shivaji Nagar Branch,SBIN000003,2023-07-02,70788.73,Verified
ACC100722,Aadhya Nair,Female,2007-05-13,9965313614,aadhya.nair534@outlook.com,Delhi,Delhi,Savings,Retail,Karol Bagh Branch,SBIN000006,2025-09-14,21999.84,Verified
ACC100723,Manav Bansal,Male,2001-06-23,9569644309,manav.bansal22@yahoo.com,Surat,Gujarat,Salary,Retail,Adajan Branch,SBIN000018,2024-08-23,18705.02,Verified
ACC100724,Aarav Pandey,Male,1980-10-06,9410727284,aarav.pandey672@outlook.com,Bengaluru,Karnataka,Salary,Retail,Whitefield Branch,SBIN000008,2022-08-24,14888.91,Verified
ACC100725,Shreya Menon,Female,1986-10-13,9070349107,shreya.menon809@yahoo.com,Indore,Madhya Pradesh,Salary,Retail,Vijay Nagar Branch,SBIN000017,2024-07-23,4166.9,Verified
ACC100726,Rohan Mehta,Male,1968-05-03,9488214236,rohan.mehta292@yahoo.com,Nagpur,Maharashtra,Savings,Retail,Sitabuldi Branch,SBIN000016,2023-03-01,4560.12,Verified
ACC100727,Nisha Yadav,Female,1984-07-17,9666144942,nisha.yadav710@outlook.com,Delhi,Delhi,Current,Retail,Karol Bagh Branch,SBIN000006,2021-01-29,21143.96,Pending
ACC100728,Anika Mehta,Female,1983-04-23,9268344149,anika.mehta189@gmail.com,Pune,Maharashtra,Savings,Retail,Hinjewadi Branch,SBIN000004,2024-08-24,7249.77,Verified
ACC100729,Ananya Bansal,Female,2004-05-17,9875857567,ananya.bansal547@yahoo.com,Chennai,Tamil Nadu,Salary,Retail,Anna Nagar Branch,SBIN000011,2023-05-07,24411.18,Verified
ACC100730,Aarav Das,Male,1974-12-28,9294398529,aarav.das994@outlook.com,Nagpur,Maharashtra,Current,Corporate,Sitabuldi Branch,SBIN000016,2023-01-17,120223.97,Verified
ACC100731,Meera Kumar,Female,1982-02-10,6078701041,meera.kumar588@outlook.com,Chennai,Tamil Nadu,Savings,Retail,T Nagar Branch,SBIN000010,2023-12-21,24536.55,Pending
ACC100732,Rajesh Kapoor,Male,1969-12-10,9198038287,rajesh.kapoor695@outlook.com,Lucknow,Uttar Pradesh,Savings,Retail,Hazratganj Branch,SBIN000015,2021-03-07,1961.94,Verified
ACC100733,Aarav Das,Male,1958-07-06,7931102918,aarav.das657@gmail.com,Kochi,Kerala,Salary,Retail,MG Road Branch,SBIN000020,2025-12-07,2320.81,Verified
ACC100734,Kavya Trivedi,Female,1956-03-21,6014672384,kavya.trivedi981@gmail.com,Hyderabad,Telangana,Savings,Retail,Banjara Hills Branch,SBIN000009,2021-10-25,17249.52,Verified
ACC100735,Pooja Gupta,Female,1998-04-05,9232883774,pooja.gupta370@yahoo.com,Nagpur,Maharashtra,Savings,Retail,Sitabuldi Branch,SBIN000016,2024-08-29,22802.73,Pending
ACC100736,Naveen Chatterjee,Male,1967-05-22,6176620471,naveen.chatterjee457@outlook.com,Kolkata,West Bengal,Savings,Retail,Salt Lake Branch,SBIN000012,2021-03-12,8394.05,Verified
ACC100737,Nikhil Mishra,Male,1983-04-29,9527740258,nikhil.mishra746@yahoo.com,Lucknow,Uttar Pradesh,Current,Retail,Hazratganj Branch,SBIN000015,2020-08-30,4930.97,Verified
ACC100738,Sneha Reddy,Female,2000-03-28,9225957244,sneha.reddy538@yahoo.com,Chandigarh,Chandigarh,Savings,Retail,Sector 17 Branch,SBIN000019,2023-08-07,24721.18,Verified
ACC100739,Rajesh Malhotra,Male,2004-02-29,9988425995,rajesh.malhotra570@yahoo.com,Ahmedabad,Gujarat,Savings,Retail,Navrangpura Branch,SBIN000013,2021-01-02,10948.34,Verified
ACC100740,Deepika Yadav,Female,1984-07-02,9117753312,deepika.yadav843@yahoo.com,Delhi,Delhi,Savings,Premium,Connaught Place Branch,SBIN000005,2025-07-18,83776.13,Verified
ACC100741,Ishita Joshi,Female,1992-11-01,9101759025,ishita.joshi308@outlook.com,Surat,Gujarat,Current,Retail,Adajan Branch,SBIN000018,2022-11-21,4696.58,Verified
ACC100742,Shreya Nair,Female,1956-11-04,9477433268,shreya.nair123@yahoo.com,Chennai,Tamil Nadu,Savings,Retail,T Nagar Branch,SBIN000010,2023-04-12,6874.01,Verified
ACC100743,Aditya Pillai,Male,1997-07-03,9056981528,aditya.pillai488@outlook.com,Kolkata,West Bengal,Savings,Retail,Salt Lake Branch,SBIN000012,2021-09-29,16071.91,Verified
ACC100744,Neha Deshmukh,Female,1979-05-19,9821766191,neha.deshmukh473@outlook.com,Chandigarh,Chandigarh,Savings,Retail,Sector 17 Branch,SBIN000019,2025-07-24,4507.29,Verified
ACC100745,Reyansh Verma,Male,1957-12-23,9985034465,reyansh.verma299@outlook.com,Hyderabad,Telangana,Savings,Retail,Banjara Hills Branch,SBIN000009,2023-09-07,2169.16,Pending
ACC100746,Aadhya Deshmukh,Female,1954-07-17,9898469081,aadhya.deshmukh557@yahoo.com,Bengaluru,Karnataka,Current,Retail,Koramangala Branch,SBIN000007,2025-10-17,19063.08,Verified
ACC100747,Bhavna Pandey,Female,1984-05-27,6435023850,bhavna.pandey361@gmail.com,Chennai,Tamil Nadu,Savings,Retail,T Nagar Branch,SBIN000010,2026-03-08,13826.09,Verified
ACC100748,Rahul Patel,Male,1964-04-07,9918724010,rahul.patel224@gmail.com,Kolkata,West Bengal,Current,Retail,Salt Lake Branch,SBIN000012,2021-01-12,4912.7,Verified
ACC100749,Harsh Gupta,Male,1979-05-28,9000389608,harsh.gupta565@outlook.com,Surat,Gujarat,Savings,Premium,Adajan Branch,SBIN000018,2021-12-10,89172.43,Verified
ACC100750,Diya Chatterjee,Female,1978-07-26,8217195535,diya.chatterjee357@yahoo.com,Lucknow,Uttar Pradesh,Salary,Retail,Hazratganj Branch,SBIN000015,2022-11-27,1417.11,Verified
ACC100751,Myra Naidu,Female,1975-12-02,9689003010,myra.naidu727@yahoo.com,Lucknow,Uttar Pradesh,Salary,Retail,Hazratganj Branch,SBIN000015,2020-12-11,9209.08,Verified
ACC100752,Harsh Nair,Male,1957-12-13,9429671114,harsh.nair215@gmail.com,Bengaluru,Karnataka,Savings,Retail,Whitefield Branch,SBIN000008,2021-09-04,8378.28,Verified
ACC100753,Sneha Chopra,Female,2005-01-10,9843845881,sneha.chopra111@gmail.com,Pune,Maharashtra,Savings,Premium,Hinjewadi Branch,SBIN000004,2021-10-29,25527.2,Verified
ACC100754,Meera Menon,Female,1953-09-24,9834831520,meera.menon11@gmail.com,Mumbai,Maharashtra,Savings,Premium,Bandra Branch,SBIN000002,2025-12-19,59213.95,Verified
ACC100755,Tanvi Pillai,Female,2007-04-28,9449641049,tanvi.pillai150@outlook.com,Bengaluru,Karnataka,Savings,Retail,Koramangala Branch,SBIN000007,2024-10-05,1702.22,Verified
ACC100756,Swati Singh,Female,1972-11-13,9362680408,swati.singh584@gmail.com,Kolkata,West Bengal,Savings,Retail,Salt Lake Branch,SBIN000012,2020-09-17,6803.74,Verified
ACC100757,Rajesh Malhotra,Male,1994-11-09,9596601864,rajesh.malhotra773@outlook.com,Mumbai,Maharashtra,Savings,Premium,Andheri Branch,SBIN000001,2026-03-09,42330.55,Pending
ACC100758,Nikhil Nair,Male,2000-05-24,8426732044,nikhil.nair190@yahoo.com,Bengaluru,Karnataka,Salary,Premium,Koramangala Branch,SBIN000007,2026-03-10,110757.28,Verified
ACC100759,Diya Rao,Female,1955-07-25,9945449014,diya.rao780@yahoo.com,Kolkata,West Bengal,Salary,Retail,Salt Lake Branch,SBIN000012,2022-02-02,10781.87,Verified
ACC100760,Vihaan Deshmukh,Male,1983-07-28,9707057836,vihaan.deshmukh85@yahoo.com,Delhi,Delhi,Savings,Retail,Connaught Place Branch,SBIN000005,2022-07-06,18331.28,Verified
ACC100761,Kartik Patel,Male,1953-12-31,9724447232,kartik.patel568@yahoo.com,Lucknow,Uttar Pradesh,Savings,Retail,Hazratganj Branch,SBIN000015,2026-03-12,11654.94,Pending
ACC100762,Naveen Chatterjee,Male,1959-02-14,9879508304,naveen.chatterjee377@gmail.com,Bengaluru,Karnataka,Salary,Premium,Koramangala Branch,SBIN000007,2024-04-13,142080.66,Verified
ACC100763,Anil Joshi,Male,2007-03-03,9511871813,anil.joshi405@yahoo.com,Pune,Maharashtra,Savings,Retail,Hinjewadi Branch,SBIN000004,2020-09-11,3861.23,Verified
ACC100764,Diya Kapoor,Female,1962-06-08,9059556574,diya.kapoor414@gmail.com,Delhi,Delhi,Savings,Corporate,Karol Bagh Branch,SBIN000006,2023-12-31,317732.37,Verified
ACC100765,Manav Kapoor,Male,1986-09-03,9193588953,manav.kapoor809@outlook.com,Nagpur,Maharashtra,Savings,Premium,Sitabuldi Branch,SBIN000016,2021-07-22,55486.46,Verified
ACC100766,Neha Joshi,Female,1972-07-28,9989868180,neha.joshi466@gmail.com,Kochi,Kerala,Salary,Corporate,MG Road Branch,SBIN000020,2024-01-27,116318.34,Verified
ACC100767,Siddharth Joshi,Male,1985-10-24,9435353751,siddharth.joshi70@yahoo.com,Bengaluru,Karnataka,Current,Retail,Whitefield Branch,SBIN000008,2024-07-12,2268.46,Verified
ACC100768,Anika Das,Female,1990-10-19,8815793763,anika.das79@outlook.com,Kochi,Kerala,Current,Retail,MG Road Branch,SBIN000020,2023-04-02,3312.01,Verified
ACC100769,Deepika Joshi,Female,1983-08-16,9294455116,deepika.joshi352@outlook.com,Lucknow,Uttar Pradesh,Savings,Retail,Hazratganj Branch,SBIN000015,2025-07-11,7279.97,Verified
ACC100770,Deepika Verma,Female,1975-01-08,9216487120,deepika.verma454@yahoo.com,Jaipur,Rajasthan,Salary,Retail,C Scheme Branch,SBIN000014,2026-06-17,21468.98,Verified
ACC100771,Reyansh Kulkarni,Male,1998-12-19,8665268341,reyansh.kulkarni399@yahoo.com,Chennai,Tamil Nadu,Salary,Retail,T Nagar Branch,SBIN000010,2020-09-28,8499.03,Verified
ACC100772,Swati Bansal,Female,1970-02-19,9015767647,swati.bansal875@gmail.com,Nagpur,Maharashtra,Current,Retail,Sitabuldi Branch,SBIN000016,2025-07-07,12421.87,Verified
ACC100773,Kartik Shah,Male,1991-03-17,9576572894,kartik.shah292@yahoo.com,Nagpur,Maharashtra,Savings,Retail,Sitabuldi Branch,SBIN000016,2024-12-20,19395.3,Verified
ACC100774,Rajesh Verma,Male,2005-05-25,9889864565,rajesh.verma913@outlook.com,Delhi,Delhi,Salary,Retail,Connaught Place Branch,SBIN000005,2021-03-05,1645.6,Verified
ACC100775,Vihaan Chatterjee,Male,1994-07-11,9995154214,vihaan.chatterjee241@outlook.com,Kolkata,West Bengal,Salary,Retail,Salt Lake Branch,SBIN000012,2026-04-13,6861.49,Verified
ACC100776,Aditya Yadav,Male,1966-06-26,9342138820,aditya.yadav39@yahoo.com,Pune,Maharashtra,Salary,Retail,Shivaji Nagar Branch,SBIN000003,2023-03-20,13922.0,Verified
ACC100777,Sneha Menon,Female,1985-04-22,9349678274,sneha.menon325@yahoo.com,Indore,Madhya Pradesh,Salary,Retail,Vijay Nagar Branch,SBIN000017,2020-11-01,15111.74,Verified
ACC100778,Priya Menon,Female,2003-11-05,9124151315,priya.menon515@outlook.com,Pune,Maharashtra,Salary,Retail,Hinjewadi Branch,SBIN000004,2024-11-13,9063.22,Verified
ACC100779,Vikram Patel,Male,1959-09-10,9618538003,vikram.patel78@outlook.com,Kolkata,West Bengal,Salary,Retail,Salt Lake Branch,SBIN000012,2022-08-07,24378.57,Verified
ACC100780,Rohan Verma,Male,1958-07-16,9727423183,rohan.verma95@outlook.com,Chennai,Tamil Nadu,Salary,Retail,T Nagar Branch,SBIN000010,2022-11-04,18829.31,Verified
ACC100781,Diya Menon,Female,1950-10-14,9969357824,diya.menon356@gmail.com,Chennai,Tamil Nadu,Savings,Retail,Anna Nagar Branch,SBIN000011,2020-12-31,11250.54,Verified
ACC100782,Ishita Deshmukh,Female,1999-05-13,9874131467,ishita.deshmukh640@outlook.com,Chennai,Tamil Nadu,Savings,Retail,T Nagar Branch,SBIN000010,2025-10-24,10655.22,Verified
ACC100783,Gaurav Kulkarni,Male,1969-06-22,9562779630,gaurav.kulkarni512@gmail.com,Delhi,Delhi,Salary,Retail,Karol Bagh Branch,SBIN000006,2024-07-19,5476.93,Verified
ACC100784,Bhavna Kapoor,Female,1967-06-23,9566766404,bhavna.kapoor929@yahoo.com,Lucknow,Uttar Pradesh,Savings,Retail,Hazratganj Branch,SBIN000015,2023-08-16,21466.59,Verified
ACC100785,Kavita Agarwal,Female,1978-10-05,9928319952,kavita.agarwal702@yahoo.com,Mumbai,Maharashtra,Savings,Retail,Bandra Branch,SBIN000002,2021-11-26,4611.34,Verified
ACC100786,Sneha Kumar,Female,1985-09-09,9810835832,sneha.kumar165@yahoo.com,Pune,Maharashtra,Current,Premium,Shivaji Nagar Branch,SBIN000003,2020-09-19,57315.8,Verified
ACC100787,Kavya Das,Female,1999-03-20,9638300081,kavya.das476@yahoo.com,Bengaluru,Karnataka,Savings,Retail,Whitefield Branch,SBIN000008,2022-12-16,20853.49,Verified
ACC100788,Sneha Chatterjee,Female,1979-09-09,9330416624,sneha.chatterjee285@outlook.com,Mumbai,Maharashtra,Savings,Retail,Bandra Branch,SBIN000002,2025-04-25,19952.08,Verified
ACC100789,Anjali Pandey,Female,2000-08-06,9219639456,anjali.pandey86@yahoo.com,Mumbai,Maharashtra,Salary,Retail,Bandra Branch,SBIN000002,2021-01-20,21630.02,Verified
ACC100790,Radhika Iyer,Female,1980-04-26,9976461368,radhika.iyer860@outlook.com,Jaipur,Rajasthan,Salary,Retail,C Scheme Branch,SBIN000014,2020-09-27,10525.48,Verified
ACC100791,Kavya Nair,Female,1966-10-04,6581739063,kavya.nair973@outlook.com,Chandigarh,Chandigarh,Current,Corporate,Sector 17 Branch,SBIN000019,2022-04-18,423041.71,Verified
ACC100792,Deepak Iyer,Male,1976-07-13,9182379312,deepak.iyer755@yahoo.com,Bengaluru,Karnataka,Savings,Premium,Whitefield Branch,SBIN000008,2023-06-11,128203.44,Verified
ACC100793,Kavita Mehta,Female,1973-12-26,6452059960,kavita.mehta419@yahoo.com,Jaipur,Rajasthan,Savings,Retail,C Scheme Branch,SBIN000014,2025-08-05,7589.14,Verified
ACC100794,Ananya Joshi,Female,1966-02-25,9577881161,ananya.joshi700@gmail.com,Surat,Gujarat,Savings,Corporate,Adajan Branch,SBIN000018,2021-11-05,240701.59,Verified
ACC100795,Sakshi Trivedi,Female,1972-05-22,9710672872,sakshi.trivedi991@outlook.com,Delhi,Delhi,Savings,Premium,Connaught Place Branch,SBIN000005,2025-02-09,22739.65,Verified
ACC100796,Nikhil Bansal,Male,1994-01-16,6448595922,nikhil.bansal317@outlook.com,Mumbai,Maharashtra,Current,Premium,Bandra Branch,SBIN000002,2023-11-11,91854.63,Verified
ACC100797,Neha Mishra,Female,1967-06-07,7735228705,neha.mishra984@yahoo.com,Pune,Maharashtra,Savings,Retail,Hinjewadi Branch,SBIN000004,2024-09-06,1188.79,Verified
ACC100798,Tanvi Shah,Female,1974-09-30,9187510979,tanvi.shah912@gmail.com,Chennai,Tamil Nadu,Savings,Premium,T Nagar Branch,SBIN000010,2021-06-30,47350.24,Verified
ACC100799,Anjali Kumar,Female,1959-09-04,9469459648,anjali.kumar504@yahoo.com,Jaipur,Rajasthan,Current,Retail,C Scheme Branch,SBIN000014,2022-09-08,19706.96,Verified
ACC100800,Tanvi Naidu,Female,1981-12-24,9424912896,tanvi.naidu716@yahoo.com,Chennai,Tamil Nadu,Current,Premium,Anna Nagar Branch,SBIN000011,2024-07-12,127172.11,Verified
ACC100801,Dhruv Chatterjee,Male,1969-10-01,9033192227,dhruv.chatterjee781@gmail.com,Kochi,Kerala,Current,Retail,MG Road Branch,SBIN000020,2025-03-14,17685.04,Verified
ACC100802,Anika Agarwal,Female,2001-04-30,6754813866,anika.agarwal322@outlook.com,Lucknow,Uttar Pradesh,Current,Retail,Hazratganj Branch,SBIN000015,2022-07-11,16079.11,Verified
ACC100803,Reyansh Mehta,Male,1995-06-28,8193242687,reyansh.mehta609@outlook.com,Indore,Madhya Pradesh,Current,Premium,Vijay Nagar Branch,SBIN000017,2024-10-22,36912.08,Verified
ACC100804,Aryan Bose,Male,1979-01-10,9057563983,aryan.bose336@yahoo.com,Nagpur,Maharashtra,Salary,Retail,Sitabuldi Branch,SBIN000016,2025-04-20,15232.49,Verified
ACC100805,Manav Singh,Male,1972-10-13,8309451548,manav.singh22@gmail.com,Delhi,Delhi,Savings,Retail,Karol Bagh Branch,SBIN000006,2021-08-31,14689.37,Verified
ACC100806,Anjali Pillai,Female,2004-01-20,9440907977,anjali.pillai173@gmail.com,Bengaluru,Karnataka,Salary,Corporate,Whitefield Branch,SBIN000008,2024-03-19,365567.52,Verified
ACC100807,Manav Pillai,Male,1960-09-05,9222161070,manav.pillai15@outlook.com,Hyderabad,Telangana,Savings,Corporate,Banjara Hills Branch,SBIN000009,2025-01-25,305259.3,Verified
ACC100808,Gaurav Yadav,Male,1968-10-29,9529580660,gaurav.yadav969@yahoo.com,Lucknow,Uttar Pradesh,Salary,Retail,Hazratganj Branch,SBIN000015,2025-09-17,5875.49,Verified
ACC100809,Siddharth Das,Male,1954-05-15,7049386204,siddharth.das745@outlook.com,Delhi,Delhi,Savings,Retail,Connaught Place Branch,SBIN000005,2025-07-08,20778.13,Verified
ACC100810,Reyansh Chatterjee,Male,1966-06-24,9711121259,reyansh.chatterjee255@yahoo.com,Delhi,Delhi,Savings,Corporate,Connaught Place Branch,SBIN000005,2022-09-09,252939.51,Verified
ACC100811,Anjali Bose,Female,1986-12-12,7134324064,anjali.bose704@gmail.com,Pune,Maharashtra,Savings,Retail,Shivaji Nagar Branch,SBIN000003,2020-09-19,17632.57,Verified
ACC100812,Sunita Chatterjee,Female,1960-12-04,9324474175,sunita.chatterjee241@yahoo.com,Kochi,Kerala,Savings,Retail,MG Road Branch,SBIN000020,2021-06-08,8988.7,Verified
ACC100813,Nisha Bansal,Female,1984-03-01,6289365435,nisha.bansal391@yahoo.com,Kochi,Kerala,Current,Premium,MG Road Branch,SBIN000020,2022-09-05,85590.46,Verified
ACC100814,Ritu Singh,Female,1991-03-08,9374018272,ritu.singh516@yahoo.com,Delhi,Delhi,Salary,Retail,Connaught Place Branch,SBIN000005,2023-08-08,7247.0,Verified
ACC100815,Sakshi Bose,Female,1977-09-13,9502675512,sakshi.bose321@gmail.com,Delhi,Delhi,Savings,Premium,Connaught Place Branch,SBIN000005,2022-07-11,53852.78,Verified
ACC100816,Shreya Pandey,Female,2003-07-26,7979966734,shreya.pandey628@yahoo.com,Hyderabad,Telangana,Current,Corporate,Banjara Hills Branch,SBIN000009,2022-06-04,444621.37,Verified
ACC100817,Manav Mishra,Male,1992-07-22,9816649690,manav.mishra874@outlook.com,Delhi,Delhi,Savings,Corporate,Karol Bagh Branch,SBIN000006,2024-03-07,118069.14,Verified
ACC100818,Divya Verma,Female,1960-02-11,9225014257,divya.verma723@yahoo.com,Bengaluru,Karnataka,Savings,Retail,Koramangala Branch,SBIN000007,2021-08-04,7245.38,Verified
ACC100819,Deepak Yadav,Male,1973-07-27,9123361328,deepak.yadav505@gmail.com,Nagpur,Maharashtra,Savings,Retail,Sitabuldi Branch,SBIN000016,2023-05-06,12644.79,Verified
ACC100820,Radhika Reddy,Female,1999-08-26,7863767316,radhika.reddy768@outlook.com,Pune,Maharashtra,Savings,Retail,Hinjewadi Branch,SBIN000004,2022-10-30,21038.89,Verified
ACC100821,Swati Mishra,Female,1958-01-20,6968157903,swati.mishra185@yahoo.com,Chandigarh,Chandigarh,Savings,Corporate,Sector 17 Branch,SBIN000019,2025-02-23,395081.43,Verified
ACC100822,Kavya Malhotra,Female,2001-12-19,8099613273,kavya.malhotra697@gmail.com,Nagpur,Maharashtra,Current,Premium,Sitabuldi Branch,SBIN000016,2021-08-29,108570.6,Verified
ACC100823,Rajesh Yadav,Male,1953-03-02,6244670462,rajesh.yadav676@yahoo.com,Pune,Maharashtra,Salary,Retail,Hinjewadi Branch,SBIN000004,2022-05-26,20936.78,Verified
ACC100824,Rohan Pillai,Male,1960-02-01,9602529867,rohan.pillai971@outlook.com,Mumbai,Maharashtra,Savings,Retail,Andheri Branch,SBIN000001,2024-08-31,11874.45,Verified
ACC100825,Tanvi Trivedi,Female,1951-04-10,6419785758,tanvi.trivedi818@gmail.com,Chandigarh,Chandigarh,Savings,Premium,Sector 17 Branch,SBIN000019,2024-06-30,56784.02,Verified
ACC100826,Kritika Pillai,Female,2006-12-18,9205943897,kritika.pillai409@gmail.com,Ahmedabad,Gujarat,Savings,Retail,Navrangpura Branch,SBIN000013,2021-04-07,19501.06,Verified
ACC100827,Krishna Rao,Male,1975-10-29,9095465408,krishna.rao124@yahoo.com,Ahmedabad,Gujarat,Current,Retail,Navrangpura Branch,SBIN000013,2023-05-15,16697.54,Verified
ACC100828,Manav Kapoor,Male,1966-02-06,9091508632,manav.kapoor377@outlook.com,Chennai,Tamil Nadu,Salary,Retail,T Nagar Branch,SBIN000010,2022-05-07,3306.68,Verified
ACC100829,Yash Mishra,Male,1955-06-23,9793897015,yash.mishra831@yahoo.com,Ahmedabad,Gujarat,Savings,Retail,Navrangpura Branch,SBIN000013,2021-02-28,19155.78,Verified
ACC100830,Sneha Agarwal,Female,1972-03-22,9466024161,sneha.agarwal664@outlook.com,Jaipur,Rajasthan,Savings,Retail,C Scheme Branch,SBIN000014,2021-06-22,17234.56,Pending
ACC100831,Tanvi Joshi,Female,1996-08-19,9059736424,tanvi.joshi929@yahoo.com,Indore,Madhya Pradesh,Current,Retail,Vijay Nagar Branch,SBIN000017,2024-01-01,11496.53,Verified
ACC100832,Arjun Bansal,Male,1979-09-10,9630624479,arjun.bansal79@gmail.com,Chennai,Tamil Nadu,Salary,Retail,T Nagar Branch,SBIN000010,2020-11-14,2145.48,Verified
ACC100833,Rahul Chatterjee,Male,1996-06-08,9319497969,rahul.chatterjee261@outlook.com,Jaipur,Rajasthan,Savings,Retail,C Scheme Branch,SBIN000014,2024-05-20,7081.13,Verified
ACC100834,Rahul Sharma,Male,1969-09-01,9727738264,rahul.sharma47@gmail.com,Pune,Maharashtra,Current,Retail,Hinjewadi Branch,SBIN000004,2022-12-01,21229.84,Verified
ACC100835,Sanjay Patel,Male,1973-12-21,9385445770,sanjay.patel272@yahoo.com,Chennai,Tamil Nadu,Savings,Retail,Anna Nagar Branch,SBIN000011,2024-07-15,15971.45,Verified
ACC100836,Radhika Trivedi,Female,1959-08-23,9487368269,radhika.trivedi690@gmail.com,Delhi,Delhi,Savings,Retail,Karol Bagh Branch,SBIN000006,2024-02-01,7223.62,Pending
ACC100837,Aarav Sharma,Male,2005-08-19,9422686536,aarav.sharma890@outlook.com,Ahmedabad,Gujarat,Savings,Retail,Navrangpura Branch,SBIN000013,2021-05-02,17603.35,Verified
ACC100838,Nisha Kapoor,Female,2002-10-30,8863677472,nisha.kapoor987@outlook.com,Nagpur,Maharashtra,Savings,Premium,Sitabuldi Branch,SBIN000016,2022-04-06,109786.1,Verified
ACC100839,Aarti Patel,Female,2004-03-10,7216966630,aarti.patel994@gmail.com,Pune,Maharashtra,Savings,Retail,Shivaji Nagar Branch,SBIN000003,2021-08-28,1381.25,Verified
ACC100840,Ira Joshi,Female,1986-06-30,9593297150,ira.joshi196@gmail.com,Delhi,Delhi,Current,Retail,Connaught Place Branch,SBIN000005,2021-06-04,19960.28,Verified
ACC100841,Yash Reddy,Male,1993-09-10,9753273524,yash.reddy456@yahoo.com,Nagpur,Maharashtra,Savings,Retail,Sitabuldi Branch,SBIN000016,2025-11-12,18730.75,Verified
ACC100842,Naveen Bose,Male,1954-05-12,7327819523,naveen.bose342@gmail.com,Chandigarh,Chandigarh,Savings,Retail,Sector 17 Branch,SBIN000019,2020-10-13,10401.6,Verified
ACC100843,Naveen Chopra,Male,1977-05-29,7616481980,naveen.chopra568@yahoo.com,Jaipur,Rajasthan,Salary,Premium,C Scheme Branch,SBIN000014,2026-05-03,97459.14,Verified
ACC100844,Kartik Joshi,Male,1976-01-14,9687611249,kartik.joshi500@gmail.com,Indore,Madhya Pradesh,Savings,Retail,Vijay Nagar Branch,SBIN000017,2025-07-14,20600.54,Verified
ACC100845,Meera Sharma,Female,1994-04-23,9373415177,meera.sharma911@yahoo.com,Jaipur,Rajasthan,Savings,Retail,C Scheme Branch,SBIN000014,2021-04-07,16559.21,Verified
ACC100846,Vikram Agarwal,Male,1994-03-31,7494902284,vikram.agarwal481@yahoo.com,Kolkata,West Bengal,Savings,Retail,Salt Lake Branch,SBIN000012,2025-02-09,18429.02,Verified
ACC100847,Rahul Mehta,Male,1952-02-08,9477422294,rahul.mehta673@yahoo.com,Chandigarh,Chandigarh,Salary,Retail,Sector 17 Branch,SBIN000019,2025-11-05,21219.21,Verified
ACC100848,Kabir Kapoor,Male,2000-06-07,9290458867,kabir.kapoor816@yahoo.com,Ahmedabad,Gujarat,Salary,Premium,Navrangpura Branch,SBIN000013,2022-02-18,115496.0,Verified
ACC100849,Radhika Rao,Female,1986-06-22,9856728727,radhika.rao178@gmail.com,Kochi,Kerala,Savings,Retail,MG Road Branch,SBIN000020,2021-08-12,12589.35,Verified
ACC100850,Siddharth Nair,Male,2002-08-20,9324913577,siddharth.nair19@yahoo.com,Jaipur,Rajasthan,Salary,Retail,C Scheme Branch,SBIN000014,2020-09-06,14363.93,Verified
ACC100851,Neha Bansal,Female,1983-08-17,9061581488,neha.bansal346@yahoo.com,Delhi,Delhi,Savings,Premium,Karol Bagh Branch,SBIN000006,2024-05-28,124886.02,Verified
ACC100852,Ishaan Nair,Male,1999-09-15,8334233720,ishaan.nair48@outlook.com,Surat,Gujarat,Savings,Retail,Adajan Branch,SBIN000018,2023-10-21,9525.78,Verified
ACC100853,Arjun Pandey,Male,2007-05-29,9840333997,arjun.pandey819@yahoo.com,Indore,Madhya Pradesh,Savings,Retail,Vijay Nagar Branch,SBIN000017,2022-03-08,23710.43,Verified
ACC100854,Deepika Nair,Female,1977-07-12,7171731893,deepika.nair576@gmail.com,Pune,Maharashtra,Current,Retail,Hinjewadi Branch,SBIN000004,2023-10-19,3444.83,Verified
ACC100855,Reyansh Agarwal,Male,1985-04-20,7399704694,reyansh.agarwal453@outlook.com,Pune,Maharashtra,Salary,Premium,Hinjewadi Branch,SBIN000004,2022-05-22,57975.99,Verified
ACC100856,Naveen Nair,Male,1979-03-04,9835488471,naveen.nair450@yahoo.com,Delhi,Delhi,Current,Retail,Connaught Place Branch,SBIN000005,2021-08-26,21366.28,Verified
ACC100857,Saanvi Mehta,Female,2007-04-13,7722164175,saanvi.mehta773@yahoo.com,Nagpur,Maharashtra,Savings,Retail,Sitabuldi Branch,SBIN000016,2026-03-27,9938.47,Verified
ACC100858,Anil Mehta,Male,1987-08-07,9484587149,anil.mehta440@yahoo.com,Delhi,Delhi,Current,Retail,Connaught Place Branch,SBIN000005,2023-10-23,4311.86,Verified
ACC100859,Sakshi Bose,Female,1962-10-19,9292587964,sakshi.bose11@outlook.com,Indore,Madhya Pradesh,Current,Retail,Vijay Nagar Branch,SBIN000017,2024-08-08,4494.02,Verified
ACC100860,Aadhya Iyer,Female,1963-11-13,9557469660,aadhya.iyer778@gmail.com,Chennai,Tamil Nadu,Savings,Corporate,Anna Nagar Branch,SBIN000011,2022-03-02,77660.75,Verified
ACC100861,Anjali Reddy,Female,1994-10-23,9033445056,anjali.reddy533@yahoo.com,Chandigarh,Chandigarh,Savings,Retail,Sector 17 Branch,SBIN000019,2023-01-03,16848.68,Verified
ACC100862,Deepak Bansal,Male,1996-06-22,7411325797,deepak.bansal847@yahoo.com,Surat,Gujarat,Salary,Premium,Adajan Branch,SBIN000018,2022-07-17,64740.46,Verified
ACC100863,Nisha Yadav,Female,2005-10-27,9960105485,nisha.yadav808@outlook.com,Delhi,Delhi,Current,Retail,Connaught Place Branch,SBIN000005,2026-03-29,14066.21,Verified
ACC100864,Sunita Singh,Female,1976-01-05,6229493817,sunita.singh400@outlook.com,Ahmedabad,Gujarat,Current,Premium,Navrangpura Branch,SBIN000013,2022-04-17,89866.35,Verified
ACC100865,Sakshi Reddy,Female,1964-10-28,9215573257,sakshi.reddy534@yahoo.com,Indore,Madhya Pradesh,Salary,Retail,Vijay Nagar Branch,SBIN000017,2024-01-05,14242.86,Verified
ACC100866,Anika Sharma,Female,1963-10-22,9216667080,anika.sharma312@outlook.com,Mumbai,Maharashtra,Salary,Retail,Andheri Branch,SBIN000001,2022-10-04,20973.5,Verified
ACC100867,Rahul Nair,Male,2003-07-22,8587495119,rahul.nair775@outlook.com,Mumbai,Maharashtra,Salary,Retail,Bandra Branch,SBIN000002,2023-08-27,3971.51,Verified
ACC100868,Divya Patel,Female,1955-12-12,9979316477,divya.patel596@outlook.com,Chandigarh,Chandigarh,Current,Retail,Sector 17 Branch,SBIN000019,2023-12-05,20329.3,Pending
ACC100869,Anjali Bansal,Female,2002-03-09,9578606940,anjali.bansal835@outlook.com,Surat,Gujarat,Salary,Retail,Adajan Branch,SBIN000018,2026-07-11,17006.14,Verified
ACC100870,Myra Chopra,Female,1986-10-10,9439587395,myra.chopra843@yahoo.com,Ahmedabad,Gujarat,Savings,Retail,Navrangpura Branch,SBIN000013,2022-12-03,14976.86,Verified
ACC100871,Arjun Chopra,Male,2002-05-30,9210890285,arjun.chopra488@gmail.com,Jaipur,Rajasthan,Salary,Retail,C Scheme Branch,SBIN000014,2024-11-10,22324.22,Verified
ACC100872,Dhruv Bansal,Male,2005-12-21,9264335027,dhruv.bansal599@yahoo.com,Indore,Madhya Pradesh,Savings,Retail,Vijay Nagar Branch,SBIN000017,2022-07-20,21928.36,Verified
ACC100873,Divya Chopra,Female,1957-09-28,9776336911,divya.chopra497@outlook.com,Nagpur,Maharashtra,Current,Retail,Sitabuldi Branch,SBIN000016,2026-04-01,13138.86,Verified
ACC100874,Sanjay Deshmukh,Male,2006-10-26,7955633185,sanjay.deshmukh967@outlook.com,Indore,Madhya Pradesh,Savings,Retail,Vijay Nagar Branch,SBIN000017,2023-08-15,18915.91,Verified
ACC100875,Vihaan Pillai,Male,1978-04-28,6615541643,vihaan.pillai121@yahoo.com,Jaipur,Rajasthan,Savings,Retail,C Scheme Branch,SBIN000014,2023-08-19,13546.66,Verified
ACC100876,Dhruv Patel,Male,2008-08-01,9023290282,dhruv.patel50@yahoo.com,Chennai,Tamil Nadu,Savings,Premium,T Nagar Branch,SBIN000010,2021-02-06,96651.15,Verified
ACC100877,Ira Rao,Female,1958-09-25,9596262282,ira.rao493@outlook.com,Nagpur,Maharashtra,Savings,Retail,Sitabuldi Branch,SBIN000016,2023-05-26,2072.38,Verified
ACC100878,Yash Mishra,Male,1993-08-20,9734654950,yash.mishra781@gmail.com,Chennai,Tamil Nadu,Current,Retail,Anna Nagar Branch,SBIN000011,2025-06-06,15537.03,Verified
ACC100879,Yash Malhotra,Male,1996-01-12,9869822105,yash.malhotra640@outlook.com,Lucknow,Uttar Pradesh,Current,Retail,Hazratganj Branch,SBIN000015,2022-07-29,3143.56,Verified
ACC100880,Pooja Mehta,Female,2002-08-21,6872904774,pooja.mehta285@outlook.com,Ahmedabad,Gujarat,Savings,Retail,Navrangpura Branch,SBIN000013,2021-02-23,11634.31,Verified
ACC100881,Reyansh Chopra,Male,1958-01-13,7932382231,reyansh.chopra127@outlook.com,Mumbai,Maharashtra,Savings,Premium,Andheri Branch,SBIN000001,2024-07-05,92935.77,Verified
ACC100882,Ira Pillai,Female,1993-09-15,9424579889,ira.pillai488@outlook.com,Surat,Gujarat,Savings,Retail,Adajan Branch,SBIN000018,2024-11-15,5545.5,Verified
ACC100883,Diya Bansal,Female,2007-11-20,9906032020,diya.bansal723@outlook.com,Surat,Gujarat,Savings,Retail,Adajan Branch,SBIN000018,2022-03-10,6886.88,Verified
ACC100884,Pranav Kulkarni,Male,1999-01-20,7753967379,pranav.kulkarni349@yahoo.com,Kochi,Kerala,Savings,Retail,MG Road Branch,SBIN000020,2022-01-06,23412.37,Verified
ACC100885,Aarav Pandey,Male,1965-11-04,9457871584,aarav.pandey173@yahoo.com,Indore,Madhya Pradesh,Savings,Retail,Vijay Nagar Branch,SBIN000017,2023-03-22,3384.01,Verified
ACC100886,Rohan Malhotra,Male,1954-04-06,9711842547,rohan.malhotra985@yahoo.com,Pune,Maharashtra,Savings,Corporate,Shivaji Nagar Branch,SBIN000003,2022-10-11,76511.18,Verified
ACC100887,Sanjay Verma,Male,1975-11-25,8323035892,sanjay.verma385@gmail.com,Chennai,Tamil Nadu,Savings,Retail,T Nagar Branch,SBIN000010,2026-06-19,8781.23,Verified
ACC100888,Ishaan Malhotra,Male,1983-04-01,9825212932,ishaan.malhotra118@yahoo.com,Kochi,Kerala,Savings,Retail,MG Road Branch,SBIN000020,2023-10-06,10241.17,Verified
ACC100889,Yash Kulkarni,Male,1981-12-20,6468677524,yash.kulkarni20@yahoo.com,Jaipur,Rajasthan,Savings,Retail,C Scheme Branch,SBIN000014,2026-04-17,22929.64,Verified
ACC100890,Swati Bansal,Female,1950-08-15,9062272362,swati.bansal417@yahoo.com,Pune,Maharashtra,Savings,Retail,Hinjewadi Branch,SBIN000004,2022-02-05,8310.71,Verified
ACC100891,Suresh Deshmukh,Male,1988-01-28,9426192372,suresh.deshmukh252@outlook.com,Bengaluru,Karnataka,Current,Retail,Koramangala Branch,SBIN000007,2022-12-06,5036.52,Verified
ACC100892,Tanvi Kulkarni,Female,1989-08-04,8197374189,tanvi.kulkarni669@gmail.com,Lucknow,Uttar Pradesh,Savings,Premium,Hazratganj Branch,SBIN000015,2025-02-17,100694.89,Pending
ACC100893,Ashok Yadav,Male,1976-12-14,9176927438,ashok.yadav863@outlook.com,Nagpur,Maharashtra,Savings,Retail,Sitabuldi Branch,SBIN000016,2021-01-07,24981.8,Verified
ACC100894,Harsh Deshmukh,Male,1956-07-30,6014448564,harsh.deshmukh405@outlook.com,Chennai,Tamil Nadu,Savings,Premium,T Nagar Branch,SBIN000010,2026-07-18,59082.99,Verified
ACC100895,Arjun Kapoor,Male,2007-08-15,7396417899,arjun.kapoor822@yahoo.com,Surat,Gujarat,Salary,Premium,Adajan Branch,SBIN000018,2021-02-03,85626.63,Verified
ACC100896,Priya Agarwal,Female,1972-05-25,9191135996,priya.agarwal330@yahoo.com,Hyderabad,Telangana,Salary,Premium,Banjara Hills Branch,SBIN000009,2023-09-10,106096.01,Verified
ACC100897,Vikram Kumar,Male,1997-11-20,9806603920,vikram.kumar5@gmail.com,Mumbai,Maharashtra,Salary,Retail,Andheri Branch,SBIN000001,2024-11-17,15610.88,Verified
ACC100898,Sneha Kulkarni,Female,1987-03-04,9555347057,sneha.kulkarni80@outlook.com,Nagpur,Maharashtra,Current,Retail,Sitabuldi Branch,SBIN000016,2022-07-24,16578.33,Verified
ACC100899,Harsh Naidu,Male,1991-02-24,9652715598,harsh.naidu367@yahoo.com,Lucknow,Uttar Pradesh,Current,Retail,Hazratganj Branch,SBIN000015,2024-05-19,20859.2,Verified
ACC100900,Gaurav Trivedi,Male,1993-07-06,9659726347,gaurav.trivedi761@gmail.com,Mumbai,Maharashtra,Savings,Retail,Andheri Branch,SBIN000001,2025-08-01,1224.72,Verified
ACC100901,Ritu Yadav,Female,1970-12-08,9139488488,ritu.yadav227@gmail.com,Kolkata,West Bengal,Savings,Premium,Salt Lake Branch,SBIN000012,2025-05-27,125093.88,Verified
ACC100902,Neha Verma,Female,1960-12-01,9642585626,neha.verma841@outlook.com,Hyderabad,Telangana,Savings,Premium,Banjara Hills Branch,SBIN000009,2024-04-14,20927.6,Verified
ACC100903,Naveen Shah,Male,1956-08-11,9370382407,naveen.shah689@outlook.com,Chandigarh,Chandigarh,Savings,Retail,Sector 17 Branch,SBIN000019,2026-04-19,18731.56,Verified
ACC100904,Anika Iyer,Female,1963-08-15,9204309776,anika.iyer234@outlook.com,Chandigarh,Chandigarh,Savings,Retail,Sector 17 Branch,SBIN000019,2024-09-28,14677.68,Verified
ACC100905,Riya Gupta,Female,1982-11-13,9696454655,riya.gupta574@yahoo.com,Mumbai,Maharashtra,Salary,Retail,Andheri Branch,SBIN000001,2026-07-20,7070.11,Verified
ACC100906,Manav Agarwal,Male,2002-10-21,9538921878,manav.agarwal125@outlook.com,Mumbai,Maharashtra,Salary,Retail,Bandra Branch,SBIN000002,2026-03-08,10765.02,Verified
ACC100907,Siddharth Singh,Male,1968-10-13,7490797796,siddharth.singh431@outlook.com,Indore,Madhya Pradesh,Current,Premium,Vijay Nagar Branch,SBIN000017,2025-05-30,56131.29,Verified
ACC100908,Aarav Das,Male,1954-05-08,9572151494,aarav.das232@outlook.com,Bengaluru,Karnataka,Savings,Premium,Koramangala Branch,SBIN000007,2026-07-14,148734.4,Verified
ACC100909,Aditya Yadav,Male,2005-07-19,9748453986,aditya.yadav29@yahoo.com,Bengaluru,Karnataka,Savings,Retail,Whitefield Branch,SBIN000008,2024-12-08,16007.07,Verified
ACC100910,Aarav Menon,Male,1958-12-19,9911918623,aarav.menon853@gmail.com,Chennai,Tamil Nadu,Salary,Retail,Anna Nagar Branch,SBIN000011,2023-10-25,24011.26,Verified
ACC100911,Meera Trivedi,Female,1965-01-11,9511696667,meera.trivedi641@yahoo.com,Bengaluru,Karnataka,Salary,Premium,Whitefield Branch,SBIN000008,2024-03-08,119332.81,Verified
ACC100912,Aadhya Verma,Female,1958-08-20,6471246335,aadhya.verma64@yahoo.com,Mumbai,Maharashtra,Savings,Premium,Bandra Branch,SBIN000002,2022-08-24,121744.01,Verified
ACC100913,Vikram Agarwal,Male,2007-10-08,9090805120,vikram.agarwal391@yahoo.com,Jaipur,Rajasthan,Savings,Retail,C Scheme Branch,SBIN000014,2024-05-16,8078.0,Verified
ACC100914,Gaurav Chatterjee,Male,2006-06-28,9995123972,gaurav.chatterjee476@yahoo.com,Bengaluru,Karnataka,Salary,Premium,Whitefield Branch,SBIN000008,2023-10-02,78943.46,Verified
ACC100915,Nisha Nair,Female,1981-08-23,9272827090,nisha.nair602@gmail.com,Chennai,Tamil Nadu,Current,Retail,Anna Nagar Branch,SBIN000011,2026-06-01,13413.11,Verified
ACC100916,Aarav Pillai,Male,2004-11-06,9298217392,aarav.pillai522@yahoo.com,Pune,Maharashtra,Savings,Premium,Shivaji Nagar Branch,SBIN000003,2025-11-22,36377.61,Verified
ACC100917,Siddharth Kapoor,Male,2008-06-12,9815352373,siddharth.kapoor320@outlook.com,Kochi,Kerala,Savings,Retail,MG Road Branch,SBIN000020,2026-01-30,2451.79,Verified
ACC100918,Suresh Malhotra,Male,1996-08-28,8158998868,suresh.malhotra317@outlook.com,Kolkata,West Bengal,Savings,Premium,Salt Lake Branch,SBIN000012,2020-11-05,39163.18,Verified
ACC100919,Dhruv Sharma,Male,1987-11-28,6666170715,dhruv.sharma856@outlook.com,Indore,Madhya Pradesh,Savings,Retail,Vijay Nagar Branch,SBIN000017,2022-04-14,13170.59,Verified
ACC100920,Sneha Singh,Female,1983-02-26,8031499825,sneha.singh194@outlook.com,Bengaluru,Karnataka,Salary,Retail,Koramangala Branch,SBIN000007,2024-03-26,2641.69,Verified
ACC100921,Sanjay Bose,Male,1993-06-24,9806882850,sanjay.bose307@yahoo.com,Kochi,Kerala,Current,Premium,MG Road Branch,SBIN000020,2023-10-14,63635.86,Verified
ACC100922,Vihaan Bose,Male,2003-06-03,9739900631,vihaan.bose478@outlook.com,Mumbai,Maharashtra,Savings,Premium,Bandra Branch,SBIN000002,2021-03-09,110118.67,Verified
ACC100923,Siddharth Kapoor,Male,2004-03-18,9560229394,siddharth.kapoor7@yahoo.com,Chennai,Tamil Nadu,Salary,Retail,Anna Nagar Branch,SBIN000011,2020-08-17,20826.02,Verified
ACC100924,Dhruv Sharma,Male,2001-10-03,9666437490,dhruv.sharma784@yahoo.com,Surat,Gujarat,Savings,Retail,Adajan Branch,SBIN000018,2023-02-13,15056.47,Verified
ACC100925,Aarav Gupta,Male,1986-12-10,9127128524,aarav.gupta868@outlook.com,Bengaluru,Karnataka,Savings,Retail,Koramangala Branch,SBIN000007,2022-12-15,5182.83,Verified
ACC100926,Krishna Sharma,Male,2006-01-04,9941163187,krishna.sharma389@outlook.com,Delhi,Delhi,Salary,Premium,Karol Bagh Branch,SBIN000006,2024-11-10,108068.81,Verified
ACC100927,Diya Kumar,Female,1962-03-31,9306211369,diya.kumar964@outlook.com,Bengaluru,Karnataka,Savings,Retail,Koramangala Branch,SBIN000007,2023-09-09,16861.81,Verified
ACC100928,Nisha Mishra,Female,1972-02-11,9350902542,nisha.mishra814@gmail.com,Jaipur,Rajasthan,Salary,Retail,C Scheme Branch,SBIN000014,2024-12-31,23179.73,Verified
ACC100929,Kartik Chopra,Male,1970-11-28,9813235707,kartik.chopra782@outlook.com,Kolkata,West Bengal,Savings,Retail,Salt Lake Branch,SBIN000012,2021-10-17,23104.33,Verified
ACC100930,Radhika Kulkarni,Female,1954-08-16,8501168809,radhika.kulkarni894@gmail.com,Chennai,Tamil Nadu,Current,Retail,T Nagar Branch,SBIN000010,2022-01-24,20094.69,Verified
ACC100931,Swati Mishra,Female,1992-05-22,9306090691,swati.mishra67@gmail.com,Nagpur,Maharashtra,Savings,Retail,Sitabuldi Branch,SBIN000016,2024-11-30,16924.05,Verified
ACC100932,Gaurav Mishra,Male,2000-04-22,9796496737,gaurav.mishra539@outlook.com,Indore,Madhya Pradesh,Savings,Retail,Vijay Nagar Branch,SBIN000017,2025-02-21,18099.68,Verified
ACC100933,Siddharth Joshi,Male,1986-02-18,8532426425,siddharth.joshi213@gmail.com,Hyderabad,Telangana,Savings,Retail,Banjara Hills Branch,SBIN000009,2022-08-28,16593.69,Verified
ACC100934,Divya Pandey,Female,1993-07-10,6836253666,divya.pandey958@yahoo.com,Bengaluru,Karnataka,Savings,Retail,Whitefield Branch,SBIN000008,2023-03-04,14712.89,Verified
ACC100935,Aditya Reddy,Male,1977-04-25,9628333393,aditya.reddy525@outlook.com,Pune,Maharashtra,Savings,Retail,Shivaji Nagar Branch,SBIN000003,2023-04-18,1987.43,Verified
ACC100936,Yash Bose,Male,2005-08-02,9436271874,yash.bose184@yahoo.com,Jaipur,Rajasthan,Savings,Premium,C Scheme Branch,SBIN000014,2024-12-11,69708.22,Verified
ACC100937,Suresh Iyer,Male,2003-01-27,9826862703,suresh.iyer81@yahoo.com,Kolkata,West Bengal,Salary,Retail,Salt Lake Branch,SBIN000012,2026-04-18,14119.65,Verified
ACC100938,Diya Nair,Female,1972-12-26,9326573275,diya.nair257@yahoo.com,Pune,Maharashtra,Savings,Retail,Shivaji Nagar Branch,SBIN000003,2024-07-29,17202.58,Verified
ACC100939,Deepika Bansal,Female,1986-01-01,9005155323,deepika.bansal734@outlook.com,Hyderabad,Telangana,Savings,Retail,Banjara Hills Branch,SBIN000009,2025-02-23,21519.98,Verified
ACC100940,Riya Sharma,Female,1968-06-09,9244182226,riya.sharma842@outlook.com,Chennai,Tamil Nadu,Savings,Retail,T Nagar Branch,SBIN000010,2020-12-28,23699.56,Pending
ACC100941,Saanvi Joshi,Female,1957-06-21,7431271026,saanvi.joshi741@outlook.com,Indore,Madhya Pradesh,Salary,Corporate,Vijay Nagar Branch,SBIN000017,2026-01-09,152410.32,Verified
ACC100942,Ishaan Deshmukh,Male,1978-01-09,9927079551,ishaan.deshmukh811@gmail.com,Chandigarh,Chandigarh,Current,Premium,Sector 17 Branch,SBIN000019,2023-06-11,79982.15,Verified
ACC100943,Krishna Chatterjee,Male,2002-01-07,9135415970,krishna.chatterjee592@gmail.com,Jaipur,Rajasthan,Savings,Retail,C Scheme Branch,SBIN000014,2021-01-03,9992.8,Verified
ACC100944,Nikhil Sharma,Male,1986-09-02,8480752034,nikhil.sharma703@yahoo.com,Nagpur,Maharashtra,Salary,Premium,Sitabuldi Branch,SBIN000016,2024-02-13,74489.15,Verified
ACC100945,Sunita Kulkarni,Female,1965-11-11,9580290904,sunita.kulkarni158@yahoo.com,Chennai,Tamil Nadu,Savings,Retail,T Nagar Branch,SBIN000010,2026-07-15,23131.46,Verified
ACC100946,Aarti Pillai,Female,1972-09-05,6558665254,aarti.pillai66@outlook.com,Kochi,Kerala,Savings,Retail,MG Road Branch,SBIN000020,2025-12-28,23768.62,Verified
ACC100947,Siddharth Nair,Male,1982-08-22,9810213125,siddharth.nair107@outlook.com,Chennai,Tamil Nadu,Savings,Retail,Anna Nagar Branch,SBIN000011,2023-07-07,3237.8,Verified
ACC100948,Ananya Naidu,Female,1954-05-15,9591297519,ananya.naidu291@gmail.com,Kochi,Kerala,Savings,Retail,MG Road Branch,SBIN000020,2024-01-04,24111.87,Verified
ACC100949,Anil Deshmukh,Male,1957-09-04,9063301658,anil.deshmukh932@yahoo.com,Pune,Maharashtra,Savings,Retail,Shivaji Nagar Branch,SBIN000003,2024-10-17,8842.53,Verified
ACC100950,Vihaan Reddy,Male,1961-10-10,9907280123,vihaan.reddy212@gmail.com,Surat,Gujarat,Savings,Premium,Adajan Branch,SBIN000018,2025-06-21,137466.38,Verified
ACC100951,Ishita Chatterjee,Female,1965-11-14,9532694968,ishita.chatterjee734@outlook.com,Nagpur,Maharashtra,Savings,Retail,Sitabuldi Branch,SBIN000016,2025-10-31,5871.35,Verified
ACC100952,Krishna Sharma,Male,1987-10-04,9442101750,krishna.sharma337@outlook.com,Delhi,Delhi,Savings,Premium,Connaught Place Branch,SBIN000005,2021-11-25,52089.22,Verified
ACC100953,Divya Bose,Female,1986-07-21,9959194575,divya.bose356@outlook.com,Chandigarh,Chandigarh,Savings,Retail,Sector 17 Branch,SBIN000019,2025-06-22,23053.5,Verified
ACC100954,Aarti Patel,Female,1993-08-25,8339205677,aarti.patel922@outlook.com,Ahmedabad,Gujarat,Savings,Premium,Navrangpura Branch,SBIN000013,2023-06-18,52387.53,Verified
ACC100955,Divya Das,Female,1969-05-31,9266025626,divya.das907@gmail.com,Delhi,Delhi,Current,Retail,Karol Bagh Branch,SBIN000006,2025-05-06,2047.95,Verified
ACC100956,Suresh Kulkarni,Male,1971-10-24,9106724530,suresh.kulkarni931@yahoo.com,Chennai,Tamil Nadu,Current,Retail,T Nagar Branch,SBIN000010,2023-03-10,22653.63,Verified
ACC100957,Gaurav Kulkarni,Male,1979-06-12,9766270511,gaurav.kulkarni334@yahoo.com,Pune,Maharashtra,Salary,Retail,Hinjewadi Branch,SBIN000004,2021-07-17,19396.94,Verified
ACC100958,Rohan Gupta,Male,2005-11-15,7367042549,rohan.gupta473@yahoo.com,Indore,Madhya Pradesh,Savings,Retail,Vijay Nagar Branch,SBIN000017,2024-10-22,17214.93,Verified
ACC100959,Kartik Pandey,Male,1975-06-26,9259710756,kartik.pandey335@outlook.com,Bengaluru,Karnataka,Savings,Retail,Koramangala Branch,SBIN000007,2021-04-29,23011.29,Verified
ACC100960,Shreya Bose,Female,1964-11-15,8595325939,shreya.bose483@yahoo.com,Pune,Maharashtra,Savings,Retail,Shivaji Nagar Branch,SBIN000003,2026-03-25,11505.37,Verified
ACC100961,Anika Naidu,Female,1985-12-11,9581629518,anika.naidu173@gmail.com,Mumbai,Maharashtra,Savings,Retail,Andheri Branch,SBIN000001,2025-06-12,18794.72,Verified
ACC100962,Saanvi Bansal,Female,1979-01-28,9425073305,saanvi.bansal692@outlook.com,Hyderabad,Telangana,Savings,Retail,Banjara Hills Branch,SBIN000009,2024-03-10,1826.68,Verified
ACC100963,Sanjay Verma,Male,1971-04-05,9983399140,sanjay.verma316@yahoo.com,Indore,Madhya Pradesh,Current,Premium,Vijay Nagar Branch,SBIN000017,2024-04-19,70780.39,Verified
ACC100964,Aarav Verma,Male,1993-04-05,9443240061,aarav.verma94@gmail.com,Ahmedabad,Gujarat,Current,Corporate,Navrangpura Branch,SBIN000013,2021-10-05,157343.15,Verified
ACC100965,Aarav Kumar,Male,1971-12-25,9975147439,aarav.kumar856@outlook.com,Bengaluru,Karnataka,Current,Retail,Koramangala Branch,SBIN000007,2025-03-22,3318.48,Pending
ACC100966,Reyansh Verma,Male,1976-11-22,9587525680,reyansh.verma640@gmail.com,Jaipur,Rajasthan,Savings,Premium,C Scheme Branch,SBIN000014,2021-07-27,101482.24,Verified
ACC100967,Pooja Chatterjee,Female,1987-01-29,9459908027,pooja.chatterjee670@yahoo.com,Pune,Maharashtra,Savings,Retail,Hinjewadi Branch,SBIN000004,2024-06-14,1359.87,Verified
ACC100968,Krishna Bose,Male,1954-04-22,9155516517,krishna.bose69@gmail.com,Bengaluru,Karnataka,Savings,Premium,Whitefield Branch,SBIN000008,2021-01-01,67967.39,Verified
ACC100969,Gaurav Pillai,Male,1973-10-31,9372143308,gaurav.pillai871@outlook.com,Nagpur,Maharashtra,Salary,Retail,Sitabuldi Branch,SBIN000016,2020-12-20,24772.75,Verified
ACC100970,Vihaan Pillai,Male,1952-01-03,9322855660,vihaan.pillai711@gmail.com,Chennai,Tamil Nadu,Salary,Retail,Anna Nagar Branch,SBIN000011,2024-06-06,24336.8,Verified
ACC100971,Suresh Malhotra,Male,1980-03-12,9390339705,suresh.malhotra934@outlook.com,Chennai,Tamil Nadu,Salary,Retail,Anna Nagar Branch,SBIN000011,2022-04-29,1423.57,Verified
ACC100972,Rahul Agarwal,Male,1991-04-23,9280944858,rahul.agarwal778@gmail.com,Bengaluru,Karnataka,Savings,Premium,Whitefield Branch,SBIN000008,2024-01-25,22757.74,Verified
ACC100973,Nikhil Chatterjee,Male,1973-02-16,9614707986,nikhil.chatterjee156@yahoo.com,Bengaluru,Karnataka,Savings,Retail,Whitefield Branch,SBIN000008,2025-07-29,8118.75,Verified
ACC100974,Vivaan Mehta,Male,1962-06-20,9439457039,vivaan.mehta326@outlook.com,Kochi,Kerala,Salary,Retail,MG Road Branch,SBIN000020,2021-04-09,4222.41,Verified
ACC100975,Ananya Deshmukh,Female,2002-03-27,9325376576,ananya.deshmukh340@yahoo.com,Jaipur,Rajasthan,Current,Retail,C Scheme Branch,SBIN000014,2025-08-17,21326.44,Verified
ACC100976,Amit Verma,Male,1985-07-04,9319100900,amit.verma534@yahoo.com,Bengaluru,Karnataka,Salary,Retail,Whitefield Branch,SBIN000008,2021-08-01,21944.94,Verified
ACC100977,Suresh Sharma,Male,2005-07-07,9105336514,suresh.sharma145@gmail.com,Pune,Maharashtra,Salary,Retail,Shivaji Nagar Branch,SBIN000003,2026-02-21,16224.81,Verified
ACC100978,Reyansh Menon,Male,1974-10-25,9731072011,reyansh.menon743@yahoo.com,Surat,Gujarat,Salary,Corporate,Adajan Branch,SBIN000018,2020-09-24,85174.03,Verified
ACC100979,Nikhil Gupta,Male,1992-08-22,7123166007,nikhil.gupta991@outlook.com,Bengaluru,Karnataka,Savings,Retail,Whitefield Branch,SBIN000008,2023-04-25,14834.12,Verified
ACC100980,Naveen Trivedi,Male,1975-09-08,9447340433,naveen.trivedi452@yahoo.com,Nagpur,Maharashtra,Savings,Corporate,Sitabuldi Branch,SBIN000016,2023-05-17,125494.72,Verified
ACC100981,Nikhil Chatterjee,Male,1990-08-08,7304519577,nikhil.chatterjee875@gmail.com,Delhi,Delhi,Salary,Premium,Connaught Place Branch,SBIN000005,2025-06-06,69584.51,Verified
ACC100982,Tanvi Patel,Female,1982-03-10,9562965754,tanvi.patel314@yahoo.com,Kochi,Kerala,Savings,Retail,MG Road Branch,SBIN000020,2022-10-28,10130.81,Verified
ACC100983,Amit Pillai,Male,1959-03-01,6194255778,amit.pillai195@gmail.com,Nagpur,Maharashtra,Savings,Retail,Sitabuldi Branch,SBIN000016,2024-08-10,4713.39,Verified
ACC100984,Rahul Kapoor,Male,2000-08-02,9582923616,rahul.kapoor383@yahoo.com,Kolkata,West Bengal,Savings,Corporate,Salt Lake Branch,SBIN000012,2021-07-30,486721.69,Pending
ACC100985,Suresh Menon,Male,2001-09-07,9482357155,suresh.menon580@gmail.com,Pune,Maharashtra,Savings,Retail,Shivaji Nagar Branch,SBIN000003,2026-07-03,10235.82,Verified
ACC100986,Manav Shah,Male,1982-05-30,6137230817,manav.shah667@yahoo.com,Kolkata,West Bengal,Savings,Retail,Salt Lake Branch,SBIN000012,2022-12-14,17714.93,Verified
ACC100987,Kavita Mehta,Female,1958-12-22,9813000413,kavita.mehta29@outlook.com,Bengaluru,Karnataka,Savings,Corporate,Whitefield Branch,SBIN000008,2021-01-11,367951.53,Verified
ACC100988,Myra Shah,Female,1961-05-16,9656094565,myra.shah975@outlook.com,Kochi,Kerala,Savings,Retail,MG Road Branch,SBIN000020,2025-03-23,15451.58,Verified
ACC100989,Saanvi Nair,Female,1962-09-09,7075504768,saanvi.nair923@gmail.com,Pune,Maharashtra,Current,Premium,Shivaji Nagar Branch,SBIN000003,2023-02-25,96200.86,Verified
ACC100990,Krishna Mishra,Male,1995-04-01,9717481131,krishna.mishra546@outlook.com,Jaipur,Rajasthan,Savings,Retail,C Scheme Branch,SBIN000014,2023-02-13,13015.52,Verified
ACC100991,Swati Patel,Female,1976-12-21,9487396102,swati.patel587@yahoo.com,Jaipur,Rajasthan,Current,Corporate,C Scheme Branch,SBIN000014,2025-01-23,99173.33,Verified
ACC100992,Riya Kapoor,Female,1985-01-07,8274968049,riya.kapoor836@yahoo.com,Bengaluru,Karnataka,Salary,Retail,Koramangala Branch,SBIN000007,2024-08-16,24688.61,Verified
ACC100993,Aditya Malhotra,Male,1957-06-04,9495612137,aditya.malhotra384@gmail.com,Jaipur,Rajasthan,Savings,Retail,C Scheme Branch,SBIN000014,2023-09-05,5095.22,Verified
ACC100994,Ira Joshi,Female,1978-10-21,9359737112,ira.joshi206@gmail.com,Delhi,Delhi,Savings,Retail,Karol Bagh Branch,SBIN000006,2020-08-19,6101.76,Verified
ACC100995,Aarti Malhotra,Female,1958-09-04,6085816704,aarti.malhotra640@gmail.com,Bengaluru,Karnataka,Savings,Premium,Koramangala Branch,SBIN000007,2025-01-04,101488.86,Verified
ACC100996,Anika Iyer,Female,1975-11-27,9768321021,anika.iyer241@yahoo.com,Chennai,Tamil Nadu,Savings,Retail,T Nagar Branch,SBIN000010,2024-10-13,1712.0,Verified
ACC100997,Gaurav Nair,Male,1983-09-08,9712961803,gaurav.nair43@gmail.com,Mumbai,Maharashtra,Savings,Premium,Andheri Branch,SBIN000001,2024-07-23,95717.91,Verified
ACC100998,Pranav Sharma,Male,1962-05-05,8018498042,pranav.sharma485@yahoo.com,Ahmedabad,Gujarat,Savings,Corporate,Navrangpura Branch,SBIN000013,2022-05-22,469457.77,Verified
ACC100999,Priya Singh,Female,1969-02-18,7731268812,priya.singh388@outlook.com,Chennai,Tamil Nadu,Salary,Premium,Anna Nagar Branch,SBIN000011,2022-01-19,106460.18,Pending
ACC101000,Dhruv Pandey,Male,1989-04-17,9923653460,dhruv.pandey856@gmail.com,Chennai,Tamil Nadu,Salary,Retail,Anna Nagar Branch,SBIN000011,2025-09-17,10643.4,Verified
ACC101001,Vihaan Pandey,Male,1994-03-28,9679327986,vihaan.pandey634@outlook.com,Indore,Madhya Pradesh,Savings,Retail,Vijay Nagar Branch,SBIN000017,2020-11-08,9842.32,Verified
ACC101002,Shreya Deshmukh,Female,1988-01-27,9716906181,shreya.deshmukh330@gmail.com,Jaipur,Rajasthan,Current,Retail,C Scheme Branch,SBIN000014,2025-02-06,23606.5,Verified
ACC101003,Radhika Verma,Female,1991-06-18,9754895478,radhika.verma814@gmail.com,Chennai,Tamil Nadu,Current,Retail,Anna Nagar Branch,SBIN000011,2025-03-25,18740.91,Verified
ACC101004,Ashok Yadav,Male,1978-11-22,7588914444,ashok.yadav301@outlook.com,Nagpur,Maharashtra,Salary,Premium,Sitabuldi Branch,SBIN000016,2025-02-10,115456.11,Verified
ACC101005,Arjun Pandey,Male,1985-01-29,9435864496,arjun.pandey510@gmail.com,Indore,Madhya Pradesh,Salary,Premium,Vijay Nagar Branch,SBIN000017,2021-12-16,24126.95,Verified
ACC101006,Anil Kulkarni,Male,1989-06-11,8853798214,anil.kulkarni247@gmail.com,Lucknow,Uttar Pradesh,Savings,Retail,Hazratganj Branch,SBIN000015,2021-09-21,16903.41,Verified
ACC101007,Gaurav Bansal,Male,1987-08-22,9674978524,gaurav.bansal335@yahoo.com,Pune,Maharashtra,Savings,Corporate,Shivaji Nagar Branch,SBIN000003,2021-10-28,468051.56,Verified
ACC101008,Kavya Kapoor,Female,1985-09-30,9347789489,kavya.kapoor945@outlook.com,Hyderabad,Telangana,Current,Corporate,Banjara Hills Branch,SBIN000009,2022-02-07,349464.37,Verified
ACC101009,Shreya Iyer,Female,1974-12-28,7665122150,shreya.iyer660@yahoo.com,Chennai,Tamil Nadu,Salary,Corporate,Anna Nagar Branch,SBIN000011,2022-03-08,320305.74,Verified
ACC101010,Sanjay Kapoor,Male,1952-12-24,9163090015,sanjay.kapoor239@gmail.com,Ahmedabad,Gujarat,Current,Premium,Navrangpura Branch,SBIN000013,2021-01-06,76805.09,Pending
ACC101011,Kabir Iyer,Male,2007-04-05,9999485320,kabir.iyer119@outlook.com,Pune,Maharashtra,Savings,Premium,Hinjewadi Branch,SBIN000004,2024-11-20,116800.31,Pending
ACC101012,Naveen Kumar,Male,1982-09-19,8902199471,naveen.kumar868@yahoo.com,Ahmedabad,Gujarat,Savings,Retail,Navrangpura Branch,SBIN000013,2022-06-27,13854.47,Verified
ACC101013,Priya Malhotra,Female,1956-02-25,9234103469,priya.malhotra605@gmail.com,Kolkata,West Bengal,Current,Corporate,Salt Lake Branch,SBIN000012,2025-08-21,348684.25,Verified
ACC101014,Aarav Kulkarni,Male,2000-07-14,9677269608,aarav.kulkarni697@yahoo.com,Lucknow,Uttar Pradesh,Savings,Premium,Hazratganj Branch,SBIN000015,2025-08-30,48457.55,Verified
ACC101015,Kabir Reddy,Male,1994-12-22,9078967935,kabir.reddy869@outlook.com,Mumbai,Maharashtra,Savings,Retail,Bandra Branch,SBIN000002,2021-10-27,3963.14,Pending
ACC101016,Anjali Naidu,Female,1958-12-25,9556434369,anjali.naidu342@gmail.com,Bengaluru,Karnataka,Savings,Premium,Koramangala Branch,SBIN000007,2021-01-22,147548.56,Verified
ACC101017,Ira Pandey,Female,2001-07-05,6955607676,ira.pandey500@outlook.com,Bengaluru,Karnataka,Current,Retail,Whitefield Branch,SBIN000008,2026-04-29,5296.49,Verified
ACC101018,Harsh Bansal,Male,1955-10-16,7223989830,harsh.bansal357@yahoo.com,Delhi,Delhi,Salary,Retail,Karol Bagh Branch,SBIN000006,2022-02-12,17269.57,Verified
ACC101019,Rahul Kapoor,Male,2007-05-24,9804184724,rahul.kapoor100@gmail.com,Chennai,Tamil Nadu,Savings,Corporate,T Nagar Branch,SBIN000010,2022-10-09,296604.51,Verified
ACC101020,Pranav Menon,Male,1958-10-25,9813190924,pranav.menon141@yahoo.com,Mumbai,Maharashtra,Salary,Premium,Bandra Branch,SBIN000002,2023-03-13,41280.28,Verified
ACC101021,Ishita Mishra,Female,1982-05-20,9111428178,ishita.mishra371@outlook.com,Delhi,Delhi,Savings,Premium,Connaught Place Branch,SBIN000005,2026-03-19,104660.94,Verified
ACC101022,Diya Bansal,Female,1994-09-24,9524808806,diya.bansal58@gmail.com,Delhi,Delhi,Savings,Corporate,Connaught Place Branch,SBIN000005,2024-11-28,125700.31,Verified
ACC101023,Siddharth Rao,Male,1958-06-05,9947372132,siddharth.rao153@outlook.com,Mumbai,Maharashtra,Savings,Retail,Bandra Branch,SBIN000002,2020-11-20,11411.71,Verified
ACC101024,Kavya Verma,Female,1987-09-24,9787688687,kavya.verma669@outlook.com,Pune,Maharashtra,Savings,Retail,Hinjewadi Branch,SBIN000004,2025-02-04,23909.33,Verified
ACC101025,Sanjay Trivedi,Male,2006-05-28,9862872031,sanjay.trivedi669@yahoo.com,Pune,Maharashtra,Current,Premium,Shivaji Nagar Branch,SBIN000003,2026-03-22,55778.09,Verified
ACC101026,Vihaan Nair,Male,1985-05-22,6645057303,vihaan.nair601@outlook.com,Pune,Maharashtra,Savings,Retail,Shivaji Nagar Branch,SBIN000003,2022-10-16,6398.44,Verified
ACC101027,Shreya Shah,Female,1975-11-11,9632037476,shreya.shah445@yahoo.com,Pune,Maharashtra,Current,Retail,Hinjewadi Branch,SBIN000004,2024-05-27,16470.32,Verified
ACC101028,Diya Kumar,Female,1977-08-25,9321450576,diya.kumar718@gmail.com,Pune,Maharashtra,Current,Premium,Shivaji Nagar Branch,SBIN000003,2023-05-16,72692.97,Verified
ACC101029,Harsh Kulkarni,Male,2002-01-19,8870715534,harsh.kulkarni810@outlook.com,Indore,Madhya Pradesh,Savings,Retail,Vijay Nagar Branch,SBIN000017,2025-10-18,18129.98,Verified
ACC101030,Gaurav Gupta,Male,2004-01-29,9083850765,gaurav.gupta820@yahoo.com,Pune,Maharashtra,Savings,Retail,Hinjewadi Branch,SBIN000004,2021-08-03,14313.32,Verified
ACC101031,Arjun Menon,Male,1996-11-30,8917768089,arjun.menon87@gmail.com,Bengaluru,Karnataka,Current,Retail,Koramangala Branch,SBIN000007,2023-05-06,19073.65,Verified
ACC101032,Dhruv Kulkarni,Male,1979-12-12,9223196463,dhruv.kulkarni969@outlook.com,Delhi,Delhi,Savings,Corporate,Karol Bagh Branch,SBIN000006,2026-07-21,185269.99,Verified
ACC101033,Ishita Bansal,Female,1953-01-11,9626894301,ishita.bansal361@outlook.com,Surat,Gujarat,Savings,Retail,Adajan Branch,SBIN000018,2022-05-28,13543.99,Verified
ACC101034,Ira Chopra,Female,1960-01-29,9711759574,ira.chopra877@gmail.com,Pune,Maharashtra,Current,Retail,Hinjewadi Branch,SBIN000004,2020-10-27,4400.02,Verified
ACC101035,Nisha Kulkarni,Female,1984-01-26,9849330674,nisha.kulkarni564@yahoo.com,Bengaluru,Karnataka,Savings,Retail,Koramangala Branch,SBIN000007,2023-11-12,11128.36,Verified
ACC101036,Suresh Mishra,Male,1969-08-19,9412833372,suresh.mishra712@gmail.com,Delhi,Delhi,Savings,Retail,Karol Bagh Branch,SBIN000006,2023-08-19,11208.24,Verified
ACC101037,Aadhya Agarwal,Female,2004-04-24,9541329715,aadhya.agarwal674@outlook.com,Hyderabad,Telangana,Salary,Retail,Banjara Hills Branch,SBIN000009,2024-10-03,9931.41,Verified
ACC101038,Nisha Rao,Female,2004-04-25,7055143776,nisha.rao988@outlook.com,Jaipur,Rajasthan,Salary,Retail,C Scheme Branch,SBIN000014,2020-12-08,10094.61,Verified
ACC101039,Rohan Nair,Male,1984-09-23,9529596111,rohan.nair372@yahoo.com,Surat,Gujarat,Savings,Retail,Adajan Branch,SBIN000018,2023-01-06,16364.26,Verified
ACC101040,Myra Pandey,Female,1955-05-17,9200720245,myra.pandey975@gmail.com,Bengaluru,Karnataka,Savings,Retail,Whitefield Branch,SBIN000008,2024-12-29,6333.41,Pending
ACC101041,Diya Rao,Female,1989-12-20,9451091090,diya.rao542@yahoo.com,Indore,Madhya Pradesh,Current,Retail,Vijay Nagar Branch,SBIN000017,2026-01-26,12750.85,Verified
ACC101042,Radhika Patel,Female,1998-03-30,9949819421,radhika.patel770@yahoo.com,Surat,Gujarat,Savings,Retail,Adajan Branch,SBIN000018,2021-09-29,8631.91,Verified
ACC101043,Pranav Kapoor,Male,1977-06-01,9340652775,pranav.kapoor266@gmail.com,Surat,Gujarat,Savings,Premium,Adajan Branch,SBIN000018,2025-09-05,97000.32,Verified
ACC101044,Sunita Reddy,Female,2005-10-19,9337220109,sunita.reddy655@yahoo.com,Delhi,Delhi,Savings,Retail,Connaught Place Branch,SBIN000005,2022-06-05,23042.6,Verified
ACC101045,Kavya Bansal,Female,2001-05-11,9559376618,kavya.bansal480@outlook.com,Kochi,Kerala,Savings,Retail,MG Road Branch,SBIN000020,2021-06-24,9496.03,Verified
ACC101046,Manav Deshmukh,Male,1992-11-26,9635100462,manav.deshmukh321@gmail.com,Bengaluru,Karnataka,Savings,Premium,Whitefield Branch,SBIN000008,2022-05-27,72846.92,Pending
ACC101047,Aadhya Kapoor,Female,1997-09-23,9659202461,aadhya.kapoor568@yahoo.com,Bengaluru,Karnataka,Salary,Retail,Whitefield Branch,SBIN000008,2023-05-13,18841.83,Verified
ACC101048,Saanvi Chatterjee,Female,1978-11-03,8974326005,saanvi.chatterjee694@outlook.com,Indore,Madhya Pradesh,Salary,Retail,Vijay Nagar Branch,SBIN000017,2026-06-28,17442.92,Verified
ACC101049,Pooja Sharma,Female,1991-11-11,7833258486,pooja.sharma548@outlook.com,Kochi,Kerala,Savings,Premium,MG Road Branch,SBIN000020,2025-05-15,75247.26,Verified
ACC101050,Nikhil Bansal,Male,2002-03-13,9848704506,nikhil.bansal953@outlook.com,Indore,Madhya Pradesh,Current,Retail,Vijay Nagar Branch,SBIN000017,2026-07-10,5044.78,Verified
ACC101051,Anika Iyer,Female,1984-10-12,9935937440,anika.iyer389@gmail.com,Kolkata,West Bengal,Salary,Retail,Salt Lake Branch,SBIN000012,2026-05-08,11145.33,Pending
ACC101052,Vihaan Kumar,Male,1997-12-21,8303736060,vihaan.kumar495@yahoo.com,Bengaluru,Karnataka,Salary,Premium,Whitefield Branch,SBIN000008,2024-08-01,57708.42,Verified
ACC101053,Aarav Kapoor,Male,2006-03-15,9849079388,aarav.kapoor528@gmail.com,Chandigarh,Chandigarh,Savings,Corporate,Sector 17 Branch,SBIN000019,2025-05-19,481610.72,Verified
ACC101054,Sakshi Pillai,Female,1967-04-12,9830615370,sakshi.pillai110@gmail.com,Nagpur,Maharashtra,Savings,Retail,Sitabuldi Branch,SBIN000016,2021-04-16,8160.42,Verified
ACC101055,Nikhil Rao,Male,1956-05-15,6263251448,nikhil.rao527@gmail.com,Ahmedabad,Gujarat,Savings,Retail,Navrangpura Branch,SBIN000013,2026-02-23,3033.85,Verified
ACC101056,Ashok Joshi,Male,1990-09-17,9142175188,ashok.joshi307@yahoo.com,Mumbai,Maharashtra,Savings,Retail,Andheri Branch,SBIN000001,2024-05-29,10488.61,Verified
ACC101057,Reyansh Kulkarni,Male,1977-08-03,9263840911,reyansh.kulkarni363@outlook.com,Hyderabad,Telangana,Savings,Retail,Banjara Hills Branch,SBIN000009,2021-04-29,4884.02,Verified
ACC101058,Dhruv Mishra,Male,1960-01-06,9661863239,dhruv.mishra340@gmail.com,Bengaluru,Karnataka,Savings,Retail,Koramangala Branch,SBIN000007,2022-08-21,11105.34,Verified
ACC101059,Krishna Joshi,Male,1987-07-30,7655300730,krishna.joshi131@yahoo.com,Hyderabad,Telangana,Savings,Retail,Banjara Hills Branch,SBIN000009,2025-03-17,17361.68,Verified
ACC101060,Deepika Mishra,Female,1983-09-19,9712198819,deepika.mishra113@gmail.com,Ahmedabad,Gujarat,Savings,Corporate,Navrangpura Branch,SBIN000013,2020-09-13,224981.83,Verified
ACC101061,Myra Reddy,Female,1958-06-23,9348640104,myra.reddy351@yahoo.com,Kolkata,West Bengal,Savings,Premium,Salt Lake Branch,SBIN000012,2023-07-19,108180.34,Verified
ACC101062,Kavita Sharma,Female,1989-02-28,9618517446,kavita.sharma633@gmail.com,Jaipur,Rajasthan,Savings,Retail,C Scheme Branch,SBIN000014,2026-07-20,11294.85,Verified
ACC101063,Anika Mehta,Female,1951-12-02,8991511455,anika.mehta841@yahoo.com,Hyderabad,Telangana,Current,Premium,Banjara Hills Branch,SBIN000009,2026-06-13,52156.07,Pending
ACC101064,Sanjay Trivedi,Male,2002-02-16,9448818984,sanjay.trivedi606@outlook.com,Pune,Maharashtra,Current,Retail,Hinjewadi Branch,SBIN000004,2021-09-08,24821.24,Verified
ACC101065,Kavya Nair,Female,2003-03-03,6154021190,kavya.nair19@outlook.com,Delhi,Delhi,Savings,Retail,Connaught Place Branch,SBIN000005,2024-07-09,4509.02,Verified
ACC101066,Naveen Verma,Male,1956-10-18,9429831522,naveen.verma345@yahoo.com,Ahmedabad,Gujarat,Savings,Retail,Navrangpura Branch,SBIN000013,2023-06-11,6554.26,Verified
ACC101067,Rahul Chatterjee,Male,1988-03-19,9283608493,rahul.chatterjee429@gmail.com,Mumbai,Maharashtra,Savings,Retail,Bandra Branch,SBIN000002,2023-12-28,9424.59,Verified
ACC101068,Vivaan Rao,Male,1979-03-05,9845269694,vivaan.rao287@outlook.com,Mumbai,Maharashtra,Savings,Retail,Bandra Branch,SBIN000002,2022-01-06,7847.61,Verified
ACC101069,Reyansh Shah,Male,1966-03-23,7016934292,reyansh.shah566@gmail.com,Nagpur,Maharashtra,Savings,Retail,Sitabuldi Branch,SBIN000016,2024-04-09,1327.88,Verified
ACC101070,Nikhil Trivedi,Male,1997-11-03,9016234190,nikhil.trivedi283@gmail.com,Kolkata,West Bengal,Current,Retail,Salt Lake Branch,SBIN000012,2024-01-22,6718.05,Verified
ACC101071,Aadhya Mishra,Female,1988-05-29,9722155668,aadhya.mishra935@outlook.com,Pune,Maharashtra,Savings,Premium,Hinjewadi Branch,SBIN000004,2024-11-15,96252.99,Verified
ACC101072,Ira Chopra,Female,1990-01-22,9337746040,ira.chopra743@yahoo.com,Lucknow,Uttar Pradesh,Salary,Retail,Hazratganj Branch,SBIN000015,2023-03-30,9229.55,Verified
ACC101073,Ira Kulkarni,Female,1975-09-25,9614244260,ira.kulkarni899@outlook.com,Delhi,Delhi,Savings,Retail,Connaught Place Branch,SBIN000005,2021-07-18,7060.61,Verified
ACC101074,Sakshi Singh,Female,1978-01-18,9373476427,sakshi.singh537@outlook.com,Lucknow,Uttar Pradesh,Current,Retail,Hazratganj Branch,SBIN000015,2025-02-22,12587.69,Verified
ACC101075,Anika Pillai,Female,1963-05-24,9882145841,anika.pillai814@outlook.com,Hyderabad,Telangana,Current,Retail,Banjara Hills Branch,SBIN000009,2025-12-28,14588.19,Verified
ACC101076,Harsh Das,Male,1966-05-14,9134438998,harsh.das769@outlook.com,Nagpur,Maharashtra,Current,Premium,Sitabuldi Branch,SBIN000016,2024-07-10,41517.37,Pending
ACC101077,Gaurav Das,Male,2004-01-25,8695073214,gaurav.das607@outlook.com,Ahmedabad,Gujarat,Savings,Retail,Navrangpura Branch,SBIN000013,2024-05-04,14725.55,Verified
ACC101078,Ashok Trivedi,Male,1992-05-30,9995167933,ashok.trivedi226@yahoo.com,Indore,Madhya Pradesh,Savings,Premium,Vijay Nagar Branch,SBIN000017,2023-02-17,59443.32,Verified
ACC101079,Kritika Nair,Female,1969-06-08,9736801192,kritika.nair965@yahoo.com,Delhi,Delhi,Savings,Retail,Karol Bagh Branch,SBIN000006,2025-09-17,16350.77,Verified
ACC101080,Riya Pandey,Female,1964-01-07,9187233351,riya.pandey2@outlook.com,Mumbai,Maharashtra,Current,Retail,Bandra Branch,SBIN000002,2025-10-06,13830.28,Verified
ACC101081,Vikram Singh,Male,1952-09-21,7315391149,vikram.singh419@outlook.com,Chennai,Tamil Nadu,Savings,Premium,Anna Nagar Branch,SBIN000011,2020-09-01,113870.35,Verified
ACC101082,Vivaan Agarwal,Male,1981-09-28,8207365118,vivaan.agarwal995@gmail.com,Mumbai,Maharashtra,Salary,Retail,Andheri Branch,SBIN000001,2024-05-07,5241.65,Pending
ACC101083,Radhika Malhotra,Female,1984-05-29,9782019043,radhika.malhotra891@outlook.com,Chandigarh,Chandigarh,Savings,Premium,Sector 17 Branch,SBIN000019,2026-02-10,104997.21,Verified
ACC101084,Kritika Gupta,Female,1960-07-31,9247073920,kritika.gupta771@yahoo.com,Lucknow,Uttar Pradesh,Savings,Retail,Hazratganj Branch,SBIN000015,2021-07-14,20385.59,Verified
ACC101085,Ishaan Kapoor,Male,1957-06-09,9127602508,ishaan.kapoor190@gmail.com,Jaipur,Rajasthan,Savings,Premium,C Scheme Branch,SBIN000014,2026-01-13,43596.76,Verified
ACC101086,Siddharth Kapoor,Male,1960-10-03,9126163248,siddharth.kapoor404@outlook.com,Delhi,Delhi,Current,Retail,Karol Bagh Branch,SBIN000006,2025-08-16,5265.62,Verified
ACC101087,Aadhya Reddy,Female,1991-12-31,8937629745,aadhya.reddy742@outlook.com,Pune,Maharashtra,Savings,Retail,Shivaji Nagar Branch,SBIN000003,2025-11-13,10660.1,Verified
ACC101088,Gaurav Trivedi,Male,1965-09-10,6871912038,gaurav.trivedi782@outlook.com,Mumbai,Maharashtra,Savings,Retail,Andheri Branch,SBIN000001,2021-11-16,20837.49,Verified
ACC101089,Myra Mehta,Female,2005-09-04,9828323089,myra.mehta10@gmail.com,Pune,Maharashtra,Savings,Corporate,Shivaji Nagar Branch,SBIN000003,2021-04-10,406580.2,Verified
ACC101090,Bhavna Kumar,Female,1982-02-18,9445822067,bhavna.kumar168@yahoo.com,Pune,Maharashtra,Savings,Retail,Shivaji Nagar Branch,SBIN000003,2021-01-15,11663.83,Verified
ACC101091,Arjun Mehta,Male,1999-12-01,9716815724,arjun.mehta46@gmail.com,Mumbai,Maharashtra,Savings,Retail,Bandra Branch,SBIN000002,2021-10-27,1508.99,Verified
ACC101092,Diya Deshmukh,Female,2008-03-07,9152911371,diya.deshmukh151@yahoo.com,Jaipur,Rajasthan,Savings,Premium,C Scheme Branch,SBIN000014,2022-08-12,75527.61,Verified
ACC101093,Kavya Yadav,Female,1976-01-23,9556184442,kavya.yadav113@gmail.com,Ahmedabad,Gujarat,Current,Premium,Navrangpura Branch,SBIN000013,2025-12-05,83936.67,Verified
ACC101094,Kabir Singh,Male,1955-07-14,9224890567,kabir.singh918@gmail.com,Pune,Maharashtra,Savings,Retail,Shivaji Nagar Branch,SBIN000003,2025-06-11,23076.97,Verified
ACC101095,Anika Chatterjee,Female,1952-12-10,9436551584,anika.chatterjee704@yahoo.com,Indore,Madhya Pradesh,Savings,Retail,Vijay Nagar Branch,SBIN000017,2023-03-11,22434.82,Verified
ACC101096,Ishita Singh,Female,1981-05-05,9835505429,ishita.singh929@outlook.com,Pune,Maharashtra,Savings,Retail,Hinjewadi Branch,SBIN000004,2023-01-06,7369.62,Verified
ACC101097,Aarti Sharma,Female,1972-05-15,9369987950,aarti.sharma816@yahoo.com,Delhi,Delhi,Current,Retail,Connaught Place Branch,SBIN000005,2020-11-06,11720.69,Verified
ACC101098,Diya Menon,Female,1995-05-26,9016481880,diya.menon187@yahoo.com,Jaipur,Rajasthan,Salary,Retail,C Scheme Branch,SBIN000014,2025-03-29,24874.52,Verified
ACC101099,Siddharth Chatterjee,Male,1965-10-10,9836381643,siddharth.chatterjee822@outlook.com,Nagpur,Maharashtra,Current,Retail,Sitabuldi Branch,SBIN000016,2024-12-20,9003.16,Verified
ACC101100,Pooja Chatterjee,Female,1959-08-01,8946420362,pooja.chatterjee394@gmail.com,Surat,Gujarat,Savings,Retail,Adajan Branch,SBIN000018,2020-12-27,20713.7,Verified
ACC101101,Sneha Deshmukh,Female,1971-12-17,9170646255,sneha.deshmukh371@gmail.com,Chandigarh,Chandigarh,Current,Premium,Sector 17 Branch,SBIN000019,2024-12-02,31342.53,Verified
ACC101102,Naveen Sharma,Male,1994-07-18,9582430176,naveen.sharma358@yahoo.com,Kolkata,West Bengal,Savings,Corporate,Salt Lake Branch,SBIN000012,2025-10-05,76809.83,Verified
ACC101103,Radhika Malhotra,Female,1968-06-13,8031538882,radhika.malhotra935@yahoo.com,Delhi,Delhi,Savings,Retail,Connaught Place Branch,SBIN000005,2025-04-27,24323.67,Verified
ACC101104,Harsh Mehta,Male,1998-10-07,9040433335,harsh.mehta751@gmail.com,Mumbai,Maharashtra,Current,Retail,Bandra Branch,SBIN000002,2022-03-29,4433.84,Verified
ACC101105,Sneha Singh,Female,1961-11-14,9111978718,sneha.singh892@gmail.com,Mumbai,Maharashtra,Current,Retail,Bandra Branch,SBIN000002,2023-09-26,21098.49,Verified
ACC101106,Dhruv Reddy,Male,1953-05-27,7326530601,dhruv.reddy784@gmail.com,Pune,Maharashtra,Savings,Retail,Shivaji Nagar Branch,SBIN000003,2026-05-31,10995.88,Verified
ACC101107,Arjun Kapoor,Male,2006-01-23,7868800230,arjun.kapoor801@outlook.com,Indore,Madhya Pradesh,Current,Retail,Vijay Nagar Branch,SBIN000017,2026-01-26,9096.09,Verified
ACC101108,Ishita Nair,Female,2008-06-11,8298036577,ishita.nair165@gmail.com,Delhi,Delhi,Savings,Retail,Connaught Place Branch,SBIN000005,2020-10-09,5165.92,Verified
ACC101109,Manav Bansal,Male,1965-11-27,9659520149,manav.bansal727@gmail.com,Lucknow,Uttar Pradesh,Savings,Premium,Hazratganj Branch,SBIN000015,2022-04-16,85243.42,Verified
ACC101110,Reyansh Shah,Male,1954-09-18,9368750926,reyansh.shah634@gmail.com,Pune,Maharashtra,Savings,Corporate,Shivaji Nagar Branch,SBIN000003,2021-05-02,145338.91,Verified
ACC101111,Reyansh Naidu,Male,1961-11-22,8213745561,reyansh.naidu669@outlook.com,Surat,Gujarat,Savings,Retail,Adajan Branch,SBIN000018,2025-06-16,12457.99,Verified
ACC101112,Kartik Rao,Male,1955-12-13,6050537666,kartik.rao80@yahoo.com,Mumbai,Maharashtra,Salary,Retail,Bandra Branch,SBIN000002,2026-03-01,3601.62,Verified
ACC101113,Radhika Kumar,Female,2006-08-24,9030835669,radhika.kumar12@yahoo.com,Mumbai,Maharashtra,Savings,Retail,Andheri Branch,SBIN000001,2025-01-12,6085.84,Verified
ACC101114,Krishna Agarwal,Male,1955-09-23,9531234550,krishna.agarwal810@yahoo.com,Mumbai,Maharashtra,Savings,Retail,Bandra Branch,SBIN000002,2025-10-16,2076.99,Verified
ACC101115,Aryan Iyer,Male,1998-01-04,7768293844,aryan.iyer200@yahoo.com,Chennai,Tamil Nadu,Savings,Retail,T Nagar Branch,SBIN000010,2023-08-20,10555.27,Verified
ACC101116,Kavita Singh,Female,1994-01-30,8735437882,kavita.singh104@outlook.com,Delhi,Delhi,Current,Retail,Connaught Place Branch,SBIN000005,2020-11-02,18794.83,Verified
ACC101117,Myra Sharma,Female,1974-03-26,9570908599,myra.sharma166@gmail.com,Chandigarh,Chandigarh,Current,Retail,Sector 17 Branch,SBIN000019,2021-11-11,1897.8,Verified
ACC101118,Aadhya Mishra,Female,1991-08-22,7492699969,aadhya.mishra145@outlook.com,Pune,Maharashtra,Salary,Retail,Shivaji Nagar Branch,SBIN000003,2025-05-21,17355.03,Verified
ACC101119,Rahul Deshmukh,Male,1983-10-26,7184285969,rahul.deshmukh348@yahoo.com,Kochi,Kerala,Current,Corporate,MG Road Branch,SBIN000020,2022-11-03,403408.34,Verified
ACC101120,Naveen Chatterjee,Male,1964-12-30,9993231234,naveen.chatterjee626@outlook.com,Mumbai,Maharashtra,Salary,Premium,Bandra Branch,SBIN000002,2022-07-27,47146.68,Verified
ACC101121,Arjun Menon,Male,1995-11-15,9690872617,arjun.menon889@gmail.com,Nagpur,Maharashtra,Savings,Retail,Sitabuldi Branch,SBIN000016,2025-03-23,8429.02,Verified
ACC101122,Yash Kumar,Male,1994-11-25,9838935953,yash.kumar92@gmail.com,Delhi,Delhi,Salary,Retail,Karol Bagh Branch,SBIN000006,2026-05-24,9719.88,Verified
ACC101123,Gaurav Bose,Male,2002-09-19,6129965082,gaurav.bose947@gmail.com,Hyderabad,Telangana,Salary,Corporate,Banjara Hills Branch,SBIN000009,2023-09-13,248920.42,Verified
ACC101124,Swati Joshi,Female,1974-03-01,8696561308,swati.joshi697@gmail.com,Mumbai,Maharashtra,Savings,Retail,Bandra Branch,SBIN000002,2025-02-23,15872.4,Verified
ACC101125,Rahul Pandey,Male,1978-07-21,9514346823,rahul.pandey270@outlook.com,Kochi,Kerala,Salary,Retail,MG Road Branch,SBIN000020,2023-02-20,13142.62,Verified
ACC101126,Suresh Verma,Male,1984-09-06,7300869661,suresh.verma385@gmail.com,Bengaluru,Karnataka,Current,Retail,Whitefield Branch,SBIN000008,2025-03-17,3527.15,Verified
ACC101127,Radhika Iyer,Female,2008-07-06,9395001680,radhika.iyer658@outlook.com,Bengaluru,Karnataka,Savings,Retail,Whitefield Branch,SBIN000008,2021-04-18,12181.06,Verified
ACC101128,Divya Nair,Female,1986-02-06,9762839762,divya.nair444@gmail.com,Pune,Maharashtra,Savings,Retail,Shivaji Nagar Branch,SBIN000003,2022-04-06,10526.68,Pending
ACC101129,Aditya Kumar,Male,1953-07-08,7794620726,aditya.kumar286@yahoo.com,Chennai,Tamil Nadu,Salary,Retail,Anna Nagar Branch,SBIN000011,2022-10-17,12429.27,Verified
ACC101130,Arjun Joshi,Male,1994-11-08,9817760299,arjun.joshi390@gmail.com,Delhi,Delhi,Current,Retail,Connaught Place Branch,SBIN000005,2023-01-20,15425.86,Verified
ACC101131,Neha Trivedi,Female,1954-06-23,9133373125,neha.trivedi777@outlook.com,Jaipur,Rajasthan,Salary,Retail,C Scheme Branch,SBIN000014,2025-03-27,1550.63,Verified
ACC101132,Rohan Agarwal,Male,1971-05-11,7817032119,rohan.agarwal730@yahoo.com,Delhi,Delhi,Savings,Retail,Karol Bagh Branch,SBIN000006,2026-02-22,8160.08,Verified
ACC101133,Meera Gupta,Female,1960-01-29,9277895613,meera.gupta987@yahoo.com,Hyderabad,Telangana,Savings,Retail,Banjara Hills Branch,SBIN000009,2022-11-11,11284.82,Verified
ACC101134,Dhruv Chatterjee,Male,1963-04-05,9295026480,dhruv.chatterjee364@outlook.com,Nagpur,Maharashtra,Savings,Retail,Sitabuldi Branch,SBIN000016,2021-01-15,17720.56,Verified
ACC101135,Bhavna Sharma,Female,2007-01-15,7341678127,bhavna.sharma632@gmail.com,Surat,Gujarat,Current,Retail,Adajan Branch,SBIN000018,2021-02-28,17031.1,Verified
ACC101136,Harsh Kapoor,Male,1993-07-29,9179821348,harsh.kapoor325@gmail.com,Chennai,Tamil Nadu,Savings,Premium,Anna Nagar Branch,SBIN000011,2023-07-30,84927.94,Pending
ACC101137,Ritu Chatterjee,Female,2004-07-29,9638318285,ritu.chatterjee129@outlook.com,Hyderabad,Telangana,Savings,Retail,Banjara Hills Branch,SBIN000009,2023-02-07,20980.26,Verified
ACC101138,Rajesh Nair,Male,1974-04-16,8661770673,rajesh.nair171@outlook.com,Mumbai,Maharashtra,Savings,Corporate,Bandra Branch,SBIN000002,2022-08-13,295738.8,Verified
ACC101139,Dhruv Gupta,Male,2002-10-27,6821223552,dhruv.gupta17@yahoo.com,Bengaluru,Karnataka,Salary,Retail,Koramangala Branch,SBIN000007,2023-09-09,20530.7,Verified
ACC101140,Meera Naidu,Female,1955-08-07,7146921821,meera.naidu361@outlook.com,Pune,Maharashtra,Current,Retail,Hinjewadi Branch,SBIN000004,2022-12-11,10849.28,Verified
ACC101141,Gaurav Kumar,Male,2007-07-17,8984369984,gaurav.kumar167@outlook.com,Pune,Maharashtra,Salary,Retail,Hinjewadi Branch,SBIN000004,2021-06-05,14266.09,Verified
ACC101142,Kabir Pandey,Male,1996-01-14,9938694842,kabir.pandey102@gmail.com,Jaipur,Rajasthan,Current,Premium,C Scheme Branch,SBIN000014,2025-10-09,137764.76,Pending
ACC101143,Diya Iyer,Female,1967-11-23,7887071523,diya.iyer950@outlook.com,Mumbai,Maharashtra,Savings,Retail,Andheri Branch,SBIN000001,2024-03-17,19041.44,Verified
ACC101144,Yash Deshmukh,Male,2002-07-10,9097461917,yash.deshmukh796@yahoo.com,Chandigarh,Chandigarh,Salary,Retail,Sector 17 Branch,SBIN000019,2022-12-29,6084.91,Verified
ACC101145,Diya Gupta,Female,1979-04-22,9687225893,diya.gupta930@outlook.com,Nagpur,Maharashtra,Salary,Retail,Sitabuldi Branch,SBIN000016,2023-10-09,12134.73,Verified
ACC101146,Kavita Das,Female,1979-04-01,9350405669,kavita.das675@yahoo.com,Mumbai,Maharashtra,Salary,Premium,Andheri Branch,SBIN000001,2025-01-25,54789.19,Verified
ACC101147,Deepak Trivedi,Male,1969-11-06,9825544286,deepak.trivedi27@gmail.com,Jaipur,Rajasthan,Current,Retail,C Scheme Branch,SBIN000014,2023-04-28,1784.19,Verified
ACC101148,Bhavna Naidu,Female,1977-04-27,9328946338,bhavna.naidu441@gmail.com,Indore,Madhya Pradesh,Salary,Retail,Vijay Nagar Branch,SBIN000017,2022-12-12,24019.85,Verified
ACC101149,Pooja Gupta,Female,2006-04-23,9152857256,pooja.gupta132@outlook.com,Kochi,Kerala,Current,Premium,MG Road Branch,SBIN000020,2026-02-08,95120.97,Verified
ACC101150,Nikhil Rao,Male,1960-04-29,9895138186,nikhil.rao821@gmail.com,Ahmedabad,Gujarat,Salary,Retail,Navrangpura Branch,SBIN000013,2024-01-11,3389.87,Verified
ACC101151,Suresh Menon,Male,1972-01-07,8509574430,suresh.menon972@yahoo.com,Ahmedabad,Gujarat,Salary,Retail,Navrangpura Branch,SBIN000013,2020-10-01,14269.73,Verified
ACC101152,Aditya Sharma,Male,1961-11-11,9797203859,aditya.sharma557@gmail.com,Jaipur,Rajasthan,Savings,Premium,C Scheme Branch,SBIN000014,2024-05-05,100352.95,Verified
ACC101153,Saanvi Kapoor,Female,1964-04-16,9154715531,saanvi.kapoor669@gmail.com,Delhi,Delhi,Salary,Retail,Connaught Place Branch,SBIN000005,2025-04-30,5477.32,Verified
ACC101154,Amit Naidu,Male,1963-03-01,9367500942,amit.naidu53@yahoo.com,Bengaluru,Karnataka,Current,Premium,Whitefield Branch,SBIN000008,2021-08-19,53862.36,Verified
ACC101155,Arjun Agarwal,Male,1991-01-13,9276981987,arjun.agarwal611@gmail.com,Mumbai,Maharashtra,Current,Retail,Andheri Branch,SBIN000001,2024-06-07,12019.07,Verified
ACC101156,Kabir Shah,Male,1983-03-03,9238885622,kabir.shah401@gmail.com,Delhi,Delhi,Savings,Retail,Karol Bagh Branch,SBIN000006,2024-03-16,21119.58,Verified
ACC101157,Aarav Chatterjee,Male,2004-11-03,9867874422,aarav.chatterjee912@yahoo.com,Pune,Maharashtra,Savings,Retail,Shivaji Nagar Branch,SBIN000003,2023-12-03,11077.77,Verified
ACC101158,Divya Trivedi,Female,1979-03-07,9655942824,divya.trivedi622@gmail.com,Delhi,Delhi,Savings,Retail,Karol Bagh Branch,SBIN000006,2022-08-12,14615.05,Verified
ACC101159,Aryan Singh,Male,2006-03-02,9000245393,aryan.singh261@gmail.com,Nagpur,Maharashtra,Salary,Retail,Sitabuldi Branch,SBIN000016,2026-01-10,13521.97,Verified
ACC101160,Aarav Kulkarni,Male,1954-10-27,9055708368,aarav.kulkarni921@gmail.com,Mumbai,Maharashtra,Savings,Premium,Andheri Branch,SBIN000001,2022-01-03,67435.78,Verified
ACC101161,Arjun Mehta,Male,1993-05-31,8966997273,arjun.mehta977@gmail.com,Pune,Maharashtra,Current,Corporate,Shivaji Nagar Branch,SBIN000003,2024-08-30,266708.69,Verified
ACC101162,Amit Agarwal,Male,1975-02-20,9258254318,amit.agarwal945@gmail.com,Chennai,Tamil Nadu,Savings,Premium,T Nagar Branch,SBIN000010,2025-12-15,143024.94,Verified
ACC101163,Krishna Bansal,Male,1963-04-09,9392049106,krishna.bansal170@gmail.com,Hyderabad,Telangana,Salary,Retail,Banjara Hills Branch,SBIN000009,2025-06-13,15101.89,Verified
ACC101164,Shreya Chatterjee,Female,1993-06-03,9387508276,shreya.chatterjee622@yahoo.com,Lucknow,Uttar Pradesh,Savings,Premium,Hazratganj Branch,SBIN000015,2025-11-16,100978.43,Verified
ACC101165,Rajesh Singh,Male,1980-09-07,7754584726,rajesh.singh982@outlook.com,Kolkata,West Bengal,Salary,Premium,Salt Lake Branch,SBIN000012,2021-02-12,135628.46,Verified
ACC101166,Manav Patel,Male,1959-07-30,9876831608,manav.patel31@gmail.com,Kochi,Kerala,Salary,Retail,MG Road Branch,SBIN000020,2024-01-02,9454.08,Pending
ACC101167,Aryan Chatterjee,Male,2001-01-02,7337399205,aryan.chatterjee799@yahoo.com,Delhi,Delhi,Savings,Retail,Karol Bagh Branch,SBIN000006,2024-11-17,9927.14,Verified
ACC101168,Aryan Chopra,Male,1961-02-22,6591438823,aryan.chopra239@outlook.com,Mumbai,Maharashtra,Current,Retail,Andheri Branch,SBIN000001,2021-07-10,8717.47,Verified
ACC101169,Kabir Pillai,Male,2002-08-11,9584461777,kabir.pillai905@outlook.com,Bengaluru,Karnataka,Savings,Retail,Koramangala Branch,SBIN000007,2022-07-15,15589.7,Verified
ACC101170,Deepak Agarwal,Male,1963-04-18,9449791279,deepak.agarwal51@yahoo.com,Jaipur,Rajasthan,Current,Retail,C Scheme Branch,SBIN000014,2025-06-01,5755.61,Verified
ACC101171,Rohan Chatterjee,Male,1998-06-11,9712053978,rohan.chatterjee591@gmail.com,Pune,Maharashtra,Savings,Retail,Hinjewadi Branch,SBIN000004,2025-09-23,10188.58,Verified
ACC101172,Suresh Trivedi,Male,2003-06-03,9883220125,suresh.trivedi413@gmail.com,Chandigarh,Chandigarh,Salary,Premium,Sector 17 Branch,SBIN000019,2024-11-18,129413.57,Verified
ACC101173,Tanvi Deshmukh,Female,1973-08-20,9048797888,tanvi.deshmukh426@outlook.com,Mumbai,Maharashtra,Savings,Retail,Bandra Branch,SBIN000002,2025-04-24,20916.41,Verified
ACC101174,Aryan Malhotra,Male,2000-09-09,9386003044,aryan.malhotra403@yahoo.com,Kolkata,West Bengal,Savings,Retail,Salt Lake Branch,SBIN000012,2023-03-19,15695.7,Verified
ACC101175,Divya Joshi,Female,1964-04-21,9715239102,divya.joshi846@gmail.com,Pune,Maharashtra,Salary,Corporate,Hinjewadi Branch,SBIN000004,2022-11-29,150806.46,Verified
ACC101176,Aryan Pandey,Male,1987-11-22,9748309309,aryan.pandey836@outlook.com,Jaipur,Rajasthan,Savings,Retail,C Scheme Branch,SBIN000014,2021-08-06,20494.77,Verified
ACC101177,Tanvi Chopra,Female,1974-09-15,9126022132,tanvi.chopra77@yahoo.com,Mumbai,Maharashtra,Savings,Premium,Bandra Branch,SBIN000002,2023-05-27,143128.83,Verified
ACC101178,Vikram Trivedi,Male,1957-06-13,9191116612,vikram.trivedi130@yahoo.com,Ahmedabad,Gujarat,Savings,Retail,Navrangpura Branch,SBIN000013,2024-09-10,12056.65,Verified
ACC101179,Deepika Menon,Female,2003-07-28,8733930493,deepika.menon490@outlook.com,Jaipur,Rajasthan,Current,Retail,C Scheme Branch,SBIN000014,2020-11-06,6772.56,Verified
ACC101180,Rohan Kumar,Male,1975-08-17,8124211408,rohan.kumar572@gmail.com,Nagpur,Maharashtra,Savings,Retail,Sitabuldi Branch,SBIN000016,2022-08-11,2987.06,Verified
ACC101181,Kavita Pandey,Female,1990-03-21,9229462093,kavita.pandey687@gmail.com,Bengaluru,Karnataka,Current,Retail,Koramangala Branch,SBIN000007,2024-04-29,6099.41,Verified
ACC101182,Kartik Gupta,Male,1991-03-28,9995297013,kartik.gupta880@yahoo.com,Nagpur,Maharashtra,Savings,Retail,Sitabuldi Branch,SBIN000016,2022-10-14,13663.47,Verified
ACC101183,Ishita Chopra,Female,2006-10-18,8585642304,ishita.chopra939@yahoo.com,Lucknow,Uttar Pradesh,Current,Premium,Hazratganj Branch,SBIN000015,2021-04-22,36907.87,Verified
ACC101184,Yash Pandey,Male,2005-03-17,9615927387,yash.pandey169@outlook.com,Kochi,Kerala,Savings,Premium,MG Road Branch,SBIN000020,2025-11-22,56119.0,Verified
ACC101185,Naveen Menon,Male,1966-09-20,6906322481,naveen.menon916@yahoo.com,Pune,Maharashtra,Savings,Premium,Hinjewadi Branch,SBIN000004,2021-08-04,51273.12,Verified
ACC101186,Aarav Joshi,Male,1970-06-17,9301095679,aarav.joshi442@gmail.com,Indore,Madhya Pradesh,Savings,Retail,Vijay Nagar Branch,SBIN000017,2022-02-26,3017.6,Verified
ACC101187,Rahul Chatterjee,Male,2003-08-17,9579554623,rahul.chatterjee392@outlook.com,Indore,Madhya Pradesh,Savings,Retail,Vijay Nagar Branch,SBIN000017,2024-05-30,2179.23,Verified
ACC101188,Ira Patel,Female,1965-03-05,9108018103,ira.patel444@gmail.com,Bengaluru,Karnataka,Savings,Retail,Koramangala Branch,SBIN000007,2025-08-13,12846.79,Verified
ACC101189,Anjali Mehta,Female,1952-02-23,7641726808,anjali.mehta68@outlook.com,Pune,Maharashtra,Savings,Retail,Hinjewadi Branch,SBIN000004,2026-01-12,7388.28,Verified
ACC101190,Ishaan Mishra,Male,1951-05-13,9015071380,ishaan.mishra844@outlook.com,Kochi,Kerala,Current,Retail,MG Road Branch,SBIN000020,2021-03-07,6277.32,Verified
ACC101191,Krishna Rao,Male,1974-04-19,9045847436,krishna.rao97@gmail.com,Bengaluru,Karnataka,Savings,Retail,Koramangala Branch,SBIN000007,2021-03-16,18613.17,Verified
ACC101192,Sanjay Pillai,Male,1960-09-30,9588576694,sanjay.pillai698@gmail.com,Nagpur,Maharashtra,Current,Premium,Sitabuldi Branch,SBIN000016,2024-10-17,42130.23,Verified
ACC101193,Aryan Mishra,Male,1979-05-19,9627466621,aryan.mishra182@yahoo.com,Lucknow,Uttar Pradesh,Savings,Retail,Hazratganj Branch,SBIN000015,2021-10-26,9017.3,Verified
ACC101194,Anika Bansal,Female,1971-02-02,9046661459,anika.bansal254@yahoo.com,Mumbai,Maharashtra,Savings,Corporate,Andheri Branch,SBIN000001,2020-12-24,269738.3,Verified
ACC101195,Harsh Sharma,Male,1952-01-18,7714004938,harsh.sharma774@gmail.com,Chandigarh,Chandigarh,Current,Retail,Sector 17 Branch,SBIN000019,2021-01-01,13075.52,Verified
ACC101196,Diya Patel,Female,1995-02-28,9152049980,diya.patel499@yahoo.com,Chennai,Tamil Nadu,Savings,Premium,Anna Nagar Branch,SBIN000011,2023-11-21,53454.14,Pending
ACC101197,Aarav Naidu,Male,1997-06-15,7313797166,aarav.naidu886@outlook.com,Kolkata,West Bengal,Savings,Retail,Salt Lake Branch,SBIN000012,2022-05-16,16934.49,Verified
ACC101198,Rohan Bansal,Male,1985-07-29,9374077943,rohan.bansal676@gmail.com,Indore,Madhya Pradesh,Current,Retail,Vijay Nagar Branch,SBIN000017,2025-01-25,21550.37,Pending
ACC101199,Aarav Mehta,Male,1964-02-18,8994991970,aarav.mehta199@yahoo.com,Chandigarh,Chandigarh,Current,Corporate,Sector 17 Branch,SBIN000019,2021-08-21,384964.3,Verified
ACC101200,Riya Mishra,Female,1954-06-27,9370878211,riya.mishra272@outlook.com,Surat,Gujarat,Salary,Retail,Adajan Branch,SBIN000018,2025-07-02,13645.77,Pending
ACC101201,Aryan Das,Male,1974-06-04,9359989897,aryan.das533@outlook.com,Chandigarh,Chandigarh,Savings,Corporate,Sector 17 Branch,SBIN000019,2025-08-11,68494.99,Verified
ACC101202,Vikram Nair,Male,2002-11-07,8948018644,vikram.nair113@gmail.com,Jaipur,Rajasthan,Current,Retail,C Scheme Branch,SBIN000014,2025-12-12,9327.95,Verified
ACC101203,Anil Reddy,Male,1981-08-21,8397857082,anil.reddy167@yahoo.com,Lucknow,Uttar Pradesh,Current,Retail,Hazratganj Branch,SBIN000015,2021-07-22,14395.38,Verified
ACC101204,Aditya Trivedi,Male,1954-03-07,7123691496,aditya.trivedi55@yahoo.com,Chennai,Tamil Nadu,Savings,Retail,T Nagar Branch,SBIN000010,2020-10-01,15233.72,Verified
ACC101205,Manav Singh,Male,1955-11-28,9429688276,manav.singh515@outlook.com,Mumbai,Maharashtra,Savings,Retail,Andheri Branch,SBIN000001,2024-06-17,19846.32,Verified
ACC101206,Kritika Reddy,Female,1984-02-28,9531419615,kritika.reddy941@gmail.com,Pune,Maharashtra,Current,Retail,Shivaji Nagar Branch,SBIN000003,2026-07-21,11369.22,Verified
ACC101207,Vivaan Joshi,Male,1975-05-18,8835651796,vivaan.joshi926@gmail.com,Kolkata,West Bengal,Savings,Retail,Salt Lake Branch,SBIN000012,2023-07-19,10578.73,Verified
ACC101208,Tanvi Patel,Female,1961-02-20,6834960478,tanvi.patel593@gmail.com,Kochi,Kerala,Savings,Retail,MG Road Branch,SBIN000020,2024-05-31,8739.52,Verified
ACC101209,Ira Shah,Female,1968-09-20,9622593648,ira.shah950@outlook.com,Delhi,Delhi,Savings,Retail,Connaught Place Branch,SBIN000005,2020-12-25,8136.02,Verified
ACC101210,Reyansh Das,Male,1982-04-24,8839062467,reyansh.das702@outlook.com,Jaipur,Rajasthan,Savings,Retail,C Scheme Branch,SBIN000014,2020-08-07,13091.56,Verified
ACC101211,Dhruv Chatterjee,Male,1959-05-19,6091141319,dhruv.chatterjee981@yahoo.com,Lucknow,Uttar Pradesh,Savings,Retail,Hazratganj Branch,SBIN000015,2026-06-26,14413.82,Verified
ACC101212,Arjun Pillai,Male,2002-07-29,9613376052,arjun.pillai922@outlook.com,Chennai,Tamil Nadu,Current,Retail,T Nagar Branch,SBIN000010,2026-07-11,15901.35,Verified
ACC101213,Ananya Malhotra,Female,2007-07-02,9650254472,ananya.malhotra531@yahoo.com,Ahmedabad,Gujarat,Savings,Retail,Navrangpura Branch,SBIN000013,2020-11-10,19311.89,Verified
ACC101214,Aadhya Verma,Female,1965-10-22,9409661771,aadhya.verma298@outlook.com,Hyderabad,Telangana,Salary,Retail,Banjara Hills Branch,SBIN000009,2024-04-09,3337.58,Verified
ACC101215,Aryan Pandey,Male,1995-05-27,8088067821,aryan.pandey719@gmail.com,Mumbai,Maharashtra,Savings,Retail,Bandra Branch,SBIN000002,2021-05-09,18206.83,Verified
ACC101216,Amit Kapoor,Male,1966-05-07,9926648698,amit.kapoor644@yahoo.com,Nagpur,Maharashtra,Savings,Premium,Sitabuldi Branch,SBIN000016,2023-03-29,40120.81,Verified
ACC101217,Tanvi Sharma,Female,1986-05-30,9869415594,tanvi.sharma902@gmail.com,Nagpur,Maharashtra,Current,Retail,Sitabuldi Branch,SBIN000016,2026-01-20,4672.53,Verified
ACC101218,Ishaan Gupta,Male,2007-05-18,9920753605,ishaan.gupta125@yahoo.com,Pune,Maharashtra,Savings,Premium,Hinjewadi Branch,SBIN000004,2025-05-22,27234.91,Verified
ACC101219,Reyansh Naidu,Male,1957-03-06,8863653621,reyansh.naidu880@outlook.com,Bengaluru,Karnataka,Salary,Retail,Whitefield Branch,SBIN000008,2023-06-05,17351.69,Verified
ACC101220,Sneha Reddy,Female,1980-06-14,7000994248,sneha.reddy760@outlook.com,Mumbai,Maharashtra,Savings,Premium,Andheri Branch,SBIN000001,2022-02-23,42200.81,Verified
ACC101221,Shreya Joshi,Female,2006-12-08,9896676056,shreya.joshi282@yahoo.com,Chennai,Tamil Nadu,Savings,Retail,T Nagar Branch,SBIN000010,2022-02-02,9816.15,Verified
ACC101222,Pranav Nair,Male,1965-10-21,7758097453,pranav.nair578@yahoo.com,Lucknow,Uttar Pradesh,Savings,Retail,Hazratganj Branch,SBIN000015,2020-09-07,11969.97,Verified
ACC101223,Kabir Verma,Male,1961-10-02,9466226540,kabir.verma904@outlook.com,Kochi,Kerala,Savings,Premium,MG Road Branch,SBIN000020,2023-08-14,38109.46,Verified
ACC101224,Aarav Rao,Male,1956-11-20,6221224276,aarav.rao538@yahoo.com,Kolkata,West Bengal,Savings,Premium,Salt Lake Branch,SBIN000012,2024-05-15,137331.57,Verified
ACC101225,Reyansh Agarwal,Male,2006-07-14,9916011241,reyansh.agarwal806@gmail.com,Delhi,Delhi,Savings,Premium,Connaught Place Branch,SBIN000005,2023-06-14,112973.7,Verified
ACC101226,Gaurav Bansal,Male,1955-12-15,9080179867,gaurav.bansal986@yahoo.com,Chennai,Tamil Nadu,Salary,Retail,T Nagar Branch,SBIN000010,2026-01-10,12609.87,Verified
ACC101227,Anika Menon,Female,1991-11-02,9957047264,anika.menon979@outlook.com,Indore,Madhya Pradesh,Current,Retail,Vijay Nagar Branch,SBIN000017,2026-07-05,8777.84,Verified
ACC101228,Vikram Naidu,Male,2000-01-23,9038437536,vikram.naidu682@gmail.com,Ahmedabad,Gujarat,Savings,Retail,Navrangpura Branch,SBIN000013,2024-05-28,6560.9,Verified
ACC101229,Anil Joshi,Male,1970-08-27,8525482421,anil.joshi243@gmail.com,Chennai,Tamil Nadu,Current,Corporate,Anna Nagar Branch,SBIN000011,2024-02-09,379691.17,Verified
ACC101230,Anika Kapoor,Female,1989-07-25,9400644547,anika.kapoor118@gmail.com,Ahmedabad,Gujarat,Current,Retail,Navrangpura Branch,SBIN000013,2024-09-27,15685.69,Verified
ACC101231,Aadhya Bose,Female,1970-03-27,9274897917,aadhya.bose716@yahoo.com,Kolkata,West Bengal,Savings,Premium,Salt Lake Branch,SBIN000012,2021-06-20,61750.7,Verified
ACC101232,Suresh Menon,Male,1976-01-11,7203886217,suresh.menon207@outlook.com,Surat,Gujarat,Savings,Retail,Adajan Branch,SBIN000018,2025-03-18,7866.14,Verified
ACC101233,Harsh Deshmukh,Male,1971-02-10,9045306935,harsh.deshmukh35@gmail.com,Bengaluru,Karnataka,Savings,Retail,Koramangala Branch,SBIN000007,2020-09-03,3308.95,Pending
ACC101234,Neha Malhotra,Female,1992-04-24,9340018167,neha.malhotra981@outlook.com,Jaipur,Rajasthan,Savings,Premium,C Scheme Branch,SBIN000014,2023-08-07,108706.96,Verified
ACC101235,Shreya Gupta,Female,1978-02-07,9445446083,shreya.gupta573@gmail.com,Bengaluru,Karnataka,Savings,Retail,Koramangala Branch,SBIN000007,2022-04-22,15843.49,Verified
ACC101236,Divya Chatterjee,Female,1998-02-17,9781053912,divya.chatterjee104@gmail.com,Ahmedabad,Gujarat,Salary,Retail,Navrangpura Branch,SBIN000013,2025-11-02,13413.92,Verified
ACC101237,Vivaan Pillai,Male,1981-09-22,9969882904,vivaan.pillai258@yahoo.com,Surat,Gujarat,Savings,Retail,Adajan Branch,SBIN000018,2026-04-28,23134.56,Pending
ACC101238,Aadhya Pandey,Female,2008-03-17,7246301986,aadhya.pandey955@outlook.com,Delhi,Delhi,Salary,Retail,Karol Bagh Branch,SBIN000006,2022-06-22,21476.69,Verified
ACC101239,Kartik Pillai,Male,1991-10-23,9728339121,kartik.pillai270@outlook.com,Mumbai,Maharashtra,Savings,Premium,Bandra Branch,SBIN000002,2021-08-23,141800.5,Verified
ACC101240,Aryan Chatterjee,Male,2007-10-02,9328809832,aryan.chatterjee837@outlook.com,Hyderabad,Telangana,Savings,Premium,Banjara Hills Branch,SBIN000009,2024-07-12,46550.33,Verified
ACC101241,Gaurav Bansal,Male,1959-01-19,9001867661,gaurav.bansal720@gmail.com,Mumbai,Maharashtra,Savings,Retail,Bandra Branch,SBIN000002,2020-11-12,22703.77,Pending
ACC101242,Aditya Chatterjee,Male,1953-03-24,8143561403,aditya.chatterjee133@yahoo.com,Kochi,Kerala,Current,Corporate,MG Road Branch,SBIN000020,2020-10-10,265447.17,Verified
ACC101243,Diya Verma,Female,2002-09-02,8074682354,diya.verma871@gmail.com,Nagpur,Maharashtra,Savings,Retail,Sitabuldi Branch,SBIN000016,2022-04-28,8282.04,Verified
ACC101244,Vivaan Sharma,Male,1974-04-21,9076205459,vivaan.sharma566@yahoo.com,Bengaluru,Karnataka,Savings,Premium,Koramangala Branch,SBIN000007,2026-06-15,115930.06,Verified
ACC101245,Gaurav Das,Male,1972-08-05,6664110654,gaurav.das919@outlook.com,Delhi,Delhi,Savings,Retail,Connaught Place Branch,SBIN000005,2025-07-27,11510.87,Verified
ACC101246,Neha Singh,Female,2000-12-01,8516994970,neha.singh11@gmail.com,Bengaluru,Karnataka,Savings,Premium,Koramangala Branch,SBIN000007,2024-10-28,31958.81,Verified
ACC101247,Gaurav Mishra,Male,1980-12-03,9482689996,gaurav.mishra833@gmail.com,Surat,Gujarat,Savings,Corporate,Adajan Branch,SBIN000018,2020-09-08,373922.08,Verified
ACC101248,Arjun Bose,Male,1959-11-03,6888917879,arjun.bose300@gmail.com,Delhi,Delhi,Savings,Retail,Karol Bagh Branch,SBIN000006,2024-03-20,22370.19,Verified
ACC101249,Shreya Bansal,Female,1954-10-25,9976093201,shreya.bansal723@outlook.com,Pune,Maharashtra,Current,Retail,Hinjewadi Branch,SBIN000004,2020-10-12,5940.66,Pending
ACC101250,Sakshi Yadav,Female,1958-04-19,8260418095,sakshi.yadav890@outlook.com,Bengaluru,Karnataka,Savings,Retail,Whitefield Branch,SBIN000008,2025-11-07,14233.74,Verified
ACC101251,Deepak Shah,Male,2004-10-20,9177741274,deepak.shah723@outlook.com,Chennai,Tamil Nadu,Current,Retail,Anna Nagar Branch,SBIN000011,2026-03-17,22610.21,Verified
ACC101252,Aditya Gupta,Male,1972-12-08,9419962642,aditya.gupta126@yahoo.com,Delhi,Delhi,Salary,Retail,Connaught Place Branch,SBIN000005,2021-09-13,14271.18,Verified
ACC101253,Aarti Reddy,Female,1960-01-15,9704542185,aarti.reddy117@gmail.com,Mumbai,Maharashtra,Salary,Retail,Bandra Branch,SBIN000002,2024-03-12,11890.31,Verified
ACC101254,Vivaan Shah,Male,1990-02-06,9092257090,vivaan.shah876@outlook.com,Hyderabad,Telangana,Savings,Retail,Banjara Hills Branch,SBIN000009,2022-10-27,2433.28,Pending
ACC101255,Aarav Pandey,Male,2005-01-04,9072324728,aarav.pandey442@outlook.com,Ahmedabad,Gujarat,Savings,Retail,Navrangpura Branch,SBIN000013,2020-11-23,5426.24,Verified
ACC101256,Kabir Verma,Male,1960-01-20,9788224731,kabir.verma345@yahoo.com,Surat,Gujarat,Current,Corporate,Adajan Branch,SBIN000018,2023-12-09,389515.13,Verified
ACC101257,Swati Gupta,Female,1958-07-03,7105801195,swati.gupta747@outlook.com,Mumbai,Maharashtra,Savings,Premium,Andheri Branch,SBIN000001,2023-02-06,75581.39,Verified
ACC101258,Aarti Nair,Female,2007-02-19,9610537092,aarti.nair961@outlook.com,Surat,Gujarat,Savings,Premium,Adajan Branch,SBIN000018,2024-03-27,131606.83,Verified
ACC101259,Rajesh Kapoor,Male,1962-03-06,9074189485,rajesh.kapoor947@gmail.com,Chandigarh,Chandigarh,Current,Retail,Sector 17 Branch,SBIN000019,2020-10-17,12215.98,Pending
ACC101260,Aarav Shah,Male,1991-02-25,6989365294,aarav.shah405@gmail.com,Hyderabad,Telangana,Savings,Retail,Banjara Hills Branch,SBIN000009,2021-12-14,9100.78,Verified
ACC101261,Neha Shah,Female,1966-10-14,8273481310,neha.shah583@outlook.com,Hyderabad,Telangana,Current,Premium,Banjara Hills Branch,SBIN000009,2023-06-01,36159.83,Verified
ACC101262,Rohan Pandey,Male,1965-07-21,9217435748,rohan.pandey368@yahoo.com,Delhi,Delhi,Savings,Retail,Karol Bagh Branch,SBIN000006,2020-11-13,1888.09,Verified
ACC101263,Kritika Gupta,Female,1994-11-29,9648606739,kritika.gupta322@gmail.com,Jaipur,Rajasthan,Savings,Corporate,C Scheme Branch,SBIN000014,2025-07-05,324647.83,Verified
ACC101264,Rohan Malhotra,Male,1982-05-20,9842536462,rohan.malhotra893@outlook.com,Hyderabad,Telangana,Savings,Retail,Banjara Hills Branch,SBIN000009,2026-07-01,5187.89,Verified
ACC101265,Kavya Nair,Female,1981-12-06,9657955156,kavya.nair567@outlook.com,Mumbai,Maharashtra,Savings,Retail,Bandra Branch,SBIN000002,2022-07-28,8616.03,Verified
ACC101266,Sanjay Shah,Male,1959-11-07,9510740913,sanjay.shah46@outlook.com,Hyderabad,Telangana,Savings,Premium,Banjara Hills Branch,SBIN000009,2023-12-19,90257.38,Verified
ACC101267,Vihaan Iyer,Male,1956-05-20,9902547602,vihaan.iyer381@outlook.com,Indore,Madhya Pradesh,Savings,Retail,Vijay Nagar Branch,SBIN000017,2021-02-04,8818.94,Verified
ACC101268,Suresh Chatterjee,Male,1960-05-10,9201227595,suresh.chatterjee418@outlook.com,Chennai,Tamil Nadu,Savings,Retail,T Nagar Branch,SBIN000010,2020-09-27,9039.66,Verified
ACC101269,Kabir Pillai,Male,2001-03-04,9153259479,kabir.pillai27@gmail.com,Mumbai,Maharashtra,Savings,Retail,Andheri Branch,SBIN000001,2020-12-14,22884.94,Pending
ACC101270,Aarti Kumar,Female,1970-04-23,9279805950,aarti.kumar963@gmail.com,Indore,Madhya Pradesh,Current,Premium,Vijay Nagar Branch,SBIN000017,2023-03-18,112669.23,Verified
ACC101271,Rajesh Verma,Male,2003-08-01,9934039104,rajesh.verma958@gmail.com,Delhi,Delhi,Savings,Corporate,Connaught Place Branch,SBIN000005,2024-07-27,84790.15,Verified
ACC101272,Swati Agarwal,Female,1970-10-18,9411849135,swati.agarwal818@gmail.com,Surat,Gujarat,Current,Retail,Adajan Branch,SBIN000018,2026-03-10,22083.51,Verified
ACC101273,Ritu Deshmukh,Female,2001-09-02,9595205610,ritu.deshmukh250@yahoo.com,Indore,Madhya Pradesh,Savings,Retail,Vijay Nagar Branch,SBIN000017,2024-04-10,8033.57,Verified
ACC101274,Gaurav Singh,Male,1954-01-15,6801867740,gaurav.singh751@yahoo.com,Bengaluru,Karnataka,Savings,Premium,Whitefield Branch,SBIN000008,2026-05-06,51336.04,Verified
ACC101275,Dhruv Kulkarni,Male,1995-09-29,9394495300,dhruv.kulkarni806@yahoo.com,Indore,Madhya Pradesh,Savings,Retail,Vijay Nagar Branch,SBIN000017,2025-12-08,6528.4,Verified
ACC101276,Harsh Naidu,Male,1973-05-16,9250173654,harsh.naidu682@gmail.com,Delhi,Delhi,Salary,Retail,Connaught Place Branch,SBIN000005,2023-05-02,17178.52,Verified
ACC101277,Aarti Patel,Female,1958-02-21,9290292334,aarti.patel590@yahoo.com,Chennai,Tamil Nadu,Savings,Retail,Anna Nagar Branch,SBIN000011,2022-12-06,24597.95,Verified
ACC101278,Deepika Gupta,Female,1969-10-19,6053088684,deepika.gupta568@outlook.com,Delhi,Delhi,Salary,Retail,Karol Bagh Branch,SBIN000006,2021-03-02,7321.03,Verified
ACC101279,Kavita Nair,Female,1964-09-10,7329045759,kavita.nair75@gmail.com,Delhi,Delhi,Salary,Premium,Connaught Place Branch,SBIN000005,2021-07-02,41701.63,Verified
ACC101280,Rahul Yadav,Male,1982-11-17,9299642603,rahul.yadav730@yahoo.com,Ahmedabad,Gujarat,Salary,Retail,Navrangpura Branch,SBIN000013,2026-06-14,14366.58,Verified
ACC101281,Deepak Naidu,Male,2005-11-21,9582147709,deepak.naidu757@yahoo.com,Chennai,Tamil Nadu,Savings,Retail,Anna Nagar Branch,SBIN000011,2022-01-12,2085.7,Pending
ACC101282,Tanvi Chatterjee,Female,1957-11-30,9802362192,tanvi.chatterjee752@gmail.com,Lucknow,Uttar Pradesh,Current,Retail,Hazratganj Branch,SBIN000015,2026-01-03,17802.73,Verified
ACC101283,Swati Yadav,Female,1954-07-08,9591611863,swati.yadav665@yahoo.com,Indore,Madhya Pradesh,Savings,Premium,Vijay Nagar Branch,SBIN000017,2026-01-02,68083.61,Verified
ACC101284,Yash Rao,Male,1981-08-30,7721688005,yash.rao506@yahoo.com,Indore,Madhya Pradesh,Current,Retail,Vijay Nagar Branch,SBIN000017,2022-07-31,6574.33,Verified
ACC101285,Rahul Mishra,Male,2003-10-19,9289728454,rahul.mishra327@gmail.com,Indore,Madhya Pradesh,Savings,Premium,Vijay Nagar Branch,SBIN000017,2023-06-15,61964.01,Verified
ACC101286,Ananya Naidu,Female,2000-11-04,9028394823,ananya.naidu356@yahoo.com,Bengaluru,Karnataka,Savings,Retail,Koramangala Branch,SBIN000007,2024-07-08,8544.82,Verified
ACC101287,Kabir Shah,Male,1958-06-12,9743281165,kabir.shah621@gmail.com,Nagpur,Maharashtra,Savings,Premium,Sitabuldi Branch,SBIN000016,2026-03-27,139300.1,Verified
ACC101288,Ritu Shah,Female,1984-01-31,9304232277,ritu.shah613@gmail.com,Delhi,Delhi,Savings,Retail,Connaught Place Branch,SBIN000005,2024-10-31,5052.46,Verified
ACC101289,Kritika Kulkarni,Female,1971-06-08,9281650646,kritika.kulkarni965@outlook.com,Bengaluru,Karnataka,Savings,Premium,Koramangala Branch,SBIN000007,2026-02-22,46408.32,Verified
ACC101290,Yash Deshmukh,Male,1962-01-11,7775691983,yash.deshmukh866@gmail.com,Delhi,Delhi,Salary,Retail,Connaught Place Branch,SBIN000005,2024-08-31,17951.73,Verified
ACC101291,Manav Joshi,Male,1958-04-04,6174690298,manav.joshi992@yahoo.com,Hyderabad,Telangana,Savings,Retail,Banjara Hills Branch,SBIN000009,2021-01-08,17049.17,Verified
ACC101292,Kavita Trivedi,Female,1963-04-03,9196622913,kavita.trivedi646@outlook.com,Bengaluru,Karnataka,Current,Retail,Whitefield Branch,SBIN000008,2026-03-24,7626.59,Verified
ACC101293,Gaurav Iyer,Male,2005-01-21,6856670636,gaurav.iyer534@yahoo.com,Chennai,Tamil Nadu,Salary,Retail,Anna Nagar Branch,SBIN000011,2023-02-06,17922.49,Verified
ACC101294,Amit Bansal,Male,2004-07-14,9944407663,amit.bansal894@gmail.com,Mumbai,Maharashtra,Salary,Retail,Bandra Branch,SBIN000002,2021-02-06,15072.24,Verified
ACC101295,Riya Joshi,Female,1990-04-28,9049627322,riya.joshi651@gmail.com,Delhi,Delhi,Savings,Retail,Connaught Place Branch,SBIN000005,2024-03-15,4163.01,Verified
ACC101296,Radhika Kapoor,Female,1972-12-13,9362585421,radhika.kapoor183@gmail.com,Bengaluru,Karnataka,Savings,Retail,Koramangala Branch,SBIN000007,2023-03-09,6005.13,Verified
ACC101297,Rohan Pillai,Male,1989-12-29,9196234199,rohan.pillai978@gmail.com,Ahmedabad,Gujarat,Current,Retail,Navrangpura Branch,SBIN000013,2025-08-31,13731.07,Verified
ACC101298,Bhavna Mehta,Female,1990-03-13,9472505833,bhavna.mehta557@yahoo.com,Chennai,Tamil Nadu,Current,Retail,T Nagar Branch,SBIN000010,2022-03-04,15348.21,Verified
ACC101299,Ishaan Nair,Male,1964-11-03,9876054576,ishaan.nair181@yahoo.com,Chennai,Tamil Nadu,Savings,Retail,T Nagar Branch,SBIN000010,2026-04-04,11196.77,Verified
ACC101300,Ritu Nair,Female,2003-09-27,6945353659,ritu.nair825@yahoo.com,Kolkata,West Bengal,Current,Premium,Salt Lake Branch,SBIN000012,2023-12-17,82886.04,Verified
ACC101301,Ritu Mehta,Female,1977-12-27,6163421254,ritu.mehta63@outlook.com,Mumbai,Maharashtra,Savings,Retail,Andheri Branch,SBIN000001,2025-09-16,19787.87,Verified
ACC101302,Riya Bansal,Female,1972-01-22,9815269255,riya.bansal56@yahoo.com,Chennai,Tamil Nadu,Savings,Premium,Anna Nagar Branch,SBIN000011,2023-10-16,53890.92,Verified
ACC101303,Ishaan Kumar,Male,1983-12-29,9742359142,ishaan.kumar212@outlook.com,Mumbai,Maharashtra,Savings,Retail,Bandra Branch,SBIN000002,2022-12-19,4996.84,Verified
ACC101304,Vikram Pillai,Male,1972-12-02,9332614543,vikram.pillai389@gmail.com,Chennai,Tamil Nadu,Savings,Retail,Anna Nagar Branch,SBIN000011,2026-02-28,1506.82,Pending
ACC101305,Priya Yadav,Female,1992-04-08,9008178522,priya.yadav371@outlook.com,Kolkata,West Bengal,Current,Retail,Salt Lake Branch,SBIN000012,2020-12-06,13447.58,Verified
ACC101306,Reyansh Naidu,Male,2004-08-26,9235426874,reyansh.naidu383@yahoo.com,Surat,Gujarat,Savings,Premium,Adajan Branch,SBIN000018,2021-01-26,40982.54,Verified
ACC101307,Amit Kapoor,Male,1966-02-02,9208652377,amit.kapoor105@outlook.com,Bengaluru,Karnataka,Salary,Retail,Whitefield Branch,SBIN000008,2024-08-26,23568.52,Verified
ACC101308,Siddharth Verma,Male,1976-11-15,9701400527,siddharth.verma35@yahoo.com,Delhi,Delhi,Savings,Retail,Karol Bagh Branch,SBIN000006,2024-01-15,17513.68,Verified
ACC101309,Bhavna Trivedi,Female,2004-09-06,9027221425,bhavna.trivedi87@gmail.com,Ahmedabad,Gujarat,Current,Retail,Navrangpura Branch,SBIN000013,2020-12-21,7479.97,Verified
ACC101310,Nikhil Chopra,Male,1977-06-18,9439136817,nikhil.chopra98@outlook.com,Jaipur,Rajasthan,Savings,Premium,C Scheme Branch,SBIN000014,2025-08-24,139466.69,Verified
ACC101311,Pooja Gupta,Female,2008-03-22,9552862092,pooja.gupta310@yahoo.com,Kochi,Kerala,Salary,Premium,MG Road Branch,SBIN000020,2026-01-05,116652.84,Verified
ACC101312,Vihaan Shah,Male,1983-12-27,9953322273,vihaan.shah575@yahoo.com,Chandigarh,Chandigarh,Savings,Retail,Sector 17 Branch,SBIN000019,2024-05-12,24205.27,Verified
ACC101313,Ashok Chopra,Male,1991-02-28,7353236618,ashok.chopra975@yahoo.com,Surat,Gujarat,Savings,Retail,Adajan Branch,SBIN000018,2021-09-24,18461.38,Pending
ACC101314,Sunita Nair,Female,1970-11-25,7082697182,sunita.nair379@yahoo.com,Lucknow,Uttar Pradesh,Savings,Corporate,Hazratganj Branch,SBIN000015,2020-10-21,154452.0,Verified
ACC101315,Anjali Patel,Female,1998-09-23,9261583882,anjali.patel213@yahoo.com,Chennai,Tamil Nadu,Savings,Retail,Anna Nagar Branch,SBIN000011,2021-10-16,14461.25,Verified
ACC101316,Aadhya Reddy,Female,1991-07-22,9673574223,aadhya.reddy239@gmail.com,Ahmedabad,Gujarat,Savings,Retail,Navrangpura Branch,SBIN000013,2026-05-05,14599.34,Verified
ACC101317,Riya Chatterjee,Female,2007-06-04,9194425892,riya.chatterjee614@yahoo.com,Chennai,Tamil Nadu,Current,Premium,T Nagar Branch,SBIN000010,2026-05-07,109569.69,Verified
ACC101318,Riya Chopra,Female,1992-03-17,9629535063,riya.chopra668@gmail.com,Bengaluru,Karnataka,Current,Premium,Koramangala Branch,SBIN000007,2024-07-24,60692.1,Verified
ACC101319,Sanjay Joshi,Male,1998-12-03,8046741307,sanjay.joshi436@outlook.com,Indore,Madhya Pradesh,Savings,Premium,Vijay Nagar Branch,SBIN000017,2024-05-21,139759.95,Verified
ACC101320,Arjun Malhotra,Male,1989-05-27,9013626084,arjun.malhotra996@gmail.com,Mumbai,Maharashtra,Savings,Premium,Andheri Branch,SBIN000001,2021-12-18,76888.16,Verified
ACC101321,Manav Joshi,Male,1989-02-10,9470554912,manav.joshi429@yahoo.com,Delhi,Delhi,Current,Retail,Karol Bagh Branch,SBIN000006,2021-12-19,21981.16,Verified
ACC101322,Vihaan Chatterjee,Male,2004-12-07,9195564091,vihaan.chatterjee911@yahoo.com,Chennai,Tamil Nadu,Current,Premium,T Nagar Branch,SBIN000010,2024-07-13,61910.2,Verified
ACC101323,Anika Reddy,Female,1984-01-09,8752070204,anika.reddy532@outlook.com,Chennai,Tamil Nadu,Savings,Retail,T Nagar Branch,SBIN000010,2022-11-03,18147.4,Verified
ACC101324,Yash Gupta,Male,1960-05-21,9212413936,yash.gupta537@outlook.com,Chennai,Tamil Nadu,Salary,Premium,Anna Nagar Branch,SBIN000011,2026-06-02,37594.1,Verified
ACC101325,Saanvi Kumar,Female,2003-02-23,6098731267,saanvi.kumar719@gmail.com,Jaipur,Rajasthan,Savings,Retail,C Scheme Branch,SBIN000014,2024-04-18,1134.46,Pending
ACC101326,Vihaan Kulkarni,Male,2002-05-29,9759889786,vihaan.kulkarni359@outlook.com,Lucknow,Uttar Pradesh,Savings,Retail,Hazratganj Branch,SBIN000015,2021-12-23,4754.87,Verified
ACC101327,Kavya Singh,Female,1971-01-15,9916543089,kavya.singh599@outlook.com,Mumbai,Maharashtra,Salary,Retail,Andheri Branch,SBIN000001,2025-08-11,21834.24,Verified
ACC101328,Vikram Malhotra,Male,1987-07-18,9915057644,vikram.malhotra607@gmail.com,Ahmedabad,Gujarat,Salary,Retail,Navrangpura Branch,SBIN000013,2021-09-06,5862.11,Verified
ACC101329,Krishna Shah,Male,1983-04-05,9268764486,krishna.shah785@yahoo.com,Delhi,Delhi,Savings,Retail,Karol Bagh Branch,SBIN000006,2023-04-26,15095.61,Verified
ACC101330,Gaurav Pandey,Male,1979-05-24,9636560450,gaurav.pandey932@yahoo.com,Chandigarh,Chandigarh,Savings,Corporate,Sector 17 Branch,SBIN000019,2022-05-17,327149.24,Verified
ACC101331,Aarav Trivedi,Male,1951-12-09,9964969277,aarav.trivedi169@yahoo.com,Bengaluru,Karnataka,Salary,Retail,Whitefield Branch,SBIN000008,2022-01-20,4515.8,Verified
ACC101332,Priya Iyer,Female,1955-03-10,9530597025,priya.iyer310@outlook.com,Mumbai,Maharashtra,Savings,Premium,Bandra Branch,SBIN000002,2025-11-10,81319.58,Verified
ACC101333,Kavya Kulkarni,Female,1970-11-20,6431594898,kavya.kulkarni535@yahoo.com,Ahmedabad,Gujarat,Savings,Retail,Navrangpura Branch,SBIN000013,2021-07-24,8482.28,Verified
ACC101334,Sakshi Pillai,Female,1999-05-08,6345443441,sakshi.pillai861@yahoo.com,Bengaluru,Karnataka,Salary,Corporate,Koramangala Branch,SBIN000007,2025-02-24,370106.46,Verified
ACC101335,Shreya Chopra,Female,1996-07-09,9393449743,shreya.chopra26@yahoo.com,Hyderabad,Telangana,Current,Retail,Banjara Hills Branch,SBIN000009,2022-06-02,9356.33,Verified
ACC101336,Deepika Bansal,Female,1983-12-12,8223095862,deepika.bansal962@gmail.com,Kolkata,West Bengal,Current,Retail,Salt Lake Branch,SBIN000012,2022-03-17,24949.6,Verified
ACC101337,Reyansh Yadav,Male,1985-09-19,9413210972,reyansh.yadav337@gmail.com,Mumbai,Maharashtra,Savings,Retail,Andheri Branch,SBIN000001,2023-06-11,15068.52,Verified
ACC101338,Tanvi Shah,Female,1954-02-24,9853465579,tanvi.shah491@yahoo.com,Indore,Madhya Pradesh,Salary,Retail,Vijay Nagar Branch,SBIN000017,2021-08-19,7598.83,Verified
ACC101339,Sanjay Chopra,Male,1958-04-02,9496461293,sanjay.chopra736@yahoo.com,Hyderabad,Telangana,Savings,Retail,Banjara Hills Branch,SBIN000009,2025-03-27,1730.24,Verified
ACC101340,Anjali Bose,Female,1983-06-18,9375658963,anjali.bose107@gmail.com,Nagpur,Maharashtra,Savings,Premium,Sitabuldi Branch,SBIN000016,2025-07-03,90926.35,Verified
ACC101341,Vikram Mishra,Male,1969-10-14,9993145843,vikram.mishra855@gmail.com,Delhi,Delhi,Current,Retail,Connaught Place Branch,SBIN000005,2022-08-11,2987.79,Verified
ACC101342,Suresh Chopra,Male,1965-08-23,9885034236,suresh.chopra671@outlook.com,Mumbai,Maharashtra,Savings,Premium,Bandra Branch,SBIN000002,2022-07-20,130834.86,Verified
ACC101343,Priya Naidu,Female,1959-09-28,9742463104,priya.naidu376@outlook.com,Chennai,Tamil Nadu,Salary,Retail,Anna Nagar Branch,SBIN000011,2024-08-06,18331.25,Pending
ACC101344,Anil Das,Male,1964-01-21,9085294690,anil.das514@gmail.com,Jaipur,Rajasthan,Salary,Retail,C Scheme Branch,SBIN000014,2023-04-15,20801.14,Verified
ACC101345,Aadhya Rao,Female,1959-06-23,9743043502,aadhya.rao651@outlook.com,Lucknow,Uttar Pradesh,Savings,Retail,Hazratganj Branch,SBIN000015,2025-05-24,10822.04,Verified
ACC101346,Saanvi Patel,Female,1963-11-06,8946652752,saanvi.patel89@outlook.com,Hyderabad,Telangana,Savings,Retail,Banjara Hills Branch,SBIN000009,2025-05-01,21066.54,Verified
ACC101347,Aadhya Nair,Female,1962-02-21,9025691330,aadhya.nair21@gmail.com,Pune,Maharashtra,Savings,Retail,Shivaji Nagar Branch,SBIN000003,2021-05-24,16039.0,Verified
ACC101348,Ira Agarwal,Female,1963-12-04,9167507627,ira.agarwal698@outlook.com,Kolkata,West Bengal,Savings,Premium,Salt Lake Branch,SBIN000012,2021-11-27,60011.7,Pending
ACC101349,Radhika Gupta,Female,1985-12-17,9530123984,radhika.gupta579@yahoo.com,Delhi,Delhi,Savings,Retail,Connaught Place Branch,SBIN000005,2022-09-02,7695.12,Verified
ACC101350,Harsh Gupta,Male,1997-12-07,9284719017,harsh.gupta271@gmail.com,Hyderabad,Telangana,Salary,Retail,Banjara Hills Branch,SBIN000009,2021-08-13,17741.4,Verified
ACC101351,Rajesh Singh,Male,1992-03-24,9764871775,rajesh.singh175@gmail.com,Kolkata,West Bengal,Current,Retail,Salt Lake Branch,SBIN000012,2026-04-22,17488.96,Verified
ACC101352,Swati Das,Female,1998-06-11,9838727258,swati.das831@outlook.com,Delhi,Delhi,Savings,Retail,Connaught Place Branch,SBIN000005,2023-01-25,9326.12,Verified
ACC101353,Ira Kumar,Female,2001-03-10,9566844823,ira.kumar216@yahoo.com,Indore,Madhya Pradesh,Savings,Premium,Vijay Nagar Branch,SBIN000017,2020-12-24,86725.42,Verified
ACC101354,Rohan Verma,Male,1978-10-04,9211018780,rohan.verma331@yahoo.com,Pune,Maharashtra,Savings,Retail,Hinjewadi Branch,SBIN000004,2024-05-03,12213.92,Verified
ACC101355,Ritu Menon,Female,1964-04-09,7074039251,ritu.menon163@yahoo.com,Mumbai,Maharashtra,Savings,Retail,Bandra Branch,SBIN000002,2022-08-31,22624.58,Verified
ACC101356,Aryan Agarwal,Male,1984-09-09,9171222764,aryan.agarwal771@gmail.com,Pune,Maharashtra,Savings,Retail,Hinjewadi Branch,SBIN000004,2024-04-16,14122.67,Verified
ACC101357,Vikram Bose,Male,1965-02-01,9221626549,vikram.bose259@outlook.com,Chandigarh,Chandigarh,Savings,Retail,Sector 17 Branch,SBIN000019,2023-12-03,21018.31,Verified
ACC101358,Aryan Joshi,Male,2001-08-03,9344470488,aryan.joshi923@outlook.com,Ahmedabad,Gujarat,Savings,Corporate,Navrangpura Branch,SBIN000013,2022-11-17,393427.85,Verified
ACC101359,Manav Malhotra,Male,1979-07-20,9205968519,manav.malhotra945@yahoo.com,Hyderabad,Telangana,Salary,Retail,Banjara Hills Branch,SBIN000009,2024-03-03,13292.9,Verified
ACC101360,Sunita Deshmukh,Female,1995-01-13,9663295634,sunita.deshmukh808@gmail.com,Bengaluru,Karnataka,Salary,Retail,Koramangala Branch,SBIN000007,2022-06-19,16921.75,Verified
ACC101361,Ishita Trivedi,Female,1961-04-30,9920616581,ishita.trivedi152@gmail.com,Delhi,Delhi,Salary,Retail,Connaught Place Branch,SBIN000005,2026-02-02,1020.24,Verified
ACC101362,Ishita Patel,Female,1958-10-28,9941156302,ishita.patel158@outlook.com,Pune,Maharashtra,Savings,Premium,Shivaji Nagar Branch,SBIN000003,2024-03-15,114137.47,Verified
ACC101363,Deepika Singh,Female,1984-11-26,7262942066,deepika.singh716@gmail.com,Mumbai,Maharashtra,Savings,Retail,Andheri Branch,SBIN000001,2022-06-25,17482.87,Verified
ACC101364,Ritu Das,Female,1955-01-04,9313800498,ritu.das782@gmail.com,Lucknow,Uttar Pradesh,Current,Premium,Hazratganj Branch,SBIN000015,2024-07-20,36705.31,Verified
ACC101365,Aryan Mishra,Male,1999-12-31,9121548158,aryan.mishra74@yahoo.com,Chennai,Tamil Nadu,Salary,Premium,T Nagar Branch,SBIN000010,2021-12-08,71200.55,Verified
ACC101366,Nikhil Menon,Male,1959-07-07,9019185488,nikhil.menon349@outlook.com,Mumbai,Maharashtra,Savings,Retail,Andheri Branch,SBIN000001,2023-03-12,9859.18,Verified
ACC101367,Nisha Pillai,Female,1953-12-29,6298778735,nisha.pillai217@yahoo.com,Ahmedabad,Gujarat,Salary,Retail,Navrangpura Branch,SBIN000013,2022-06-11,5511.29,Verified
ACC101368,Aryan Das,Male,1980-10-21,9196234219,aryan.das36@yahoo.com,Delhi,Delhi,Savings,Retail,Karol Bagh Branch,SBIN000006,2025-03-23,20710.6,Verified
ACC101369,Sneha Rao,Female,1958-10-10,9041042948,sneha.rao355@outlook.com,Delhi,Delhi,Savings,Retail,Karol Bagh Branch,SBIN000006,2026-02-21,20349.49,Verified
ACC101370,Anjali Pandey,Female,1963-03-09,9179726999,anjali.pandey394@outlook.com,Ahmedabad,Gujarat,Salary,Retail,Navrangpura Branch,SBIN000013,2026-05-25,14792.37,Verified
ACC101371,Siddharth Agarwal,Male,2007-04-03,9800366602,siddharth.agarwal119@outlook.com,Ahmedabad,Gujarat,Savings,Retail,Navrangpura Branch,SBIN000013,2022-04-03,18809.56,Verified
ACC101372,Tanvi Bose,Female,1991-07-25,9386310505,tanvi.bose374@gmail.com,Indore,Madhya Pradesh,Savings,Retail,Vijay Nagar Branch,SBIN000017,2020-12-20,13840.58,Verified
ACC101373,Sneha Kulkarni,Female,1997-07-23,8269299007,sneha.kulkarni725@outlook.com,Ahmedabad,Gujarat,Salary,Retail,Navrangpura Branch,SBIN000013,2022-03-18,23756.83,Verified
ACC101374,Rahul Naidu,Male,1973-09-09,9283896337,rahul.naidu125@yahoo.com,Kochi,Kerala,Current,Retail,MG Road Branch,SBIN000020,2024-10-03,7761.13,Verified
ACC101375,Vivaan Mishra,Male,1974-03-28,9671368410,vivaan.mishra839@gmail.com,Kochi,Kerala,Current,Retail,MG Road Branch,SBIN000020,2025-01-19,8107.47,Verified
ACC101376,Anika Patel,Female,2007-01-17,9188352791,anika.patel115@yahoo.com,Kolkata,West Bengal,Savings,Retail,Salt Lake Branch,SBIN000012,2021-09-24,1854.76,Verified
ACC101377,Kritika Kapoor,Female,1981-03-31,6106592088,kritika.kapoor649@yahoo.com,Ahmedabad,Gujarat,Savings,Retail,Navrangpura Branch,SBIN000013,2022-07-16,18442.9,Verified
ACC101378,Rohan Singh,Male,1956-06-05,9797617815,rohan.singh751@outlook.com,Lucknow,Uttar Pradesh,Current,Retail,Hazratganj Branch,SBIN000015,2024-07-01,21038.03,Verified
ACC101379,Ananya Iyer,Female,2006-11-10,7202665686,ananya.iyer904@gmail.com,Chennai,Tamil Nadu,Savings,Retail,Anna Nagar Branch,SBIN000011,2023-02-05,16307.55,Pending
ACC101380,Nikhil Iyer,Male,1994-11-24,9734989925,nikhil.iyer974@outlook.com,Chennai,Tamil Nadu,Salary,Premium,Anna Nagar Branch,SBIN000011,2024-03-30,22909.85,Verified
ACC101381,Suresh Kapoor,Male,1969-07-08,9990747296,suresh.kapoor268@yahoo.com,Pune,Maharashtra,Salary,Retail,Shivaji Nagar Branch,SBIN000003,2024-03-10,5599.45,Verified
ACC101382,Kritika Pandey,Female,1975-02-20,9670808974,kritika.pandey958@yahoo.com,Bengaluru,Karnataka,Current,Retail,Whitefield Branch,SBIN000008,2026-06-28,6165.02,Verified
ACC101383,Sanjay Malhotra,Male,1990-05-22,6418398416,sanjay.malhotra695@yahoo.com,Delhi,Delhi,Savings,Retail,Karol Bagh Branch,SBIN000006,2023-07-27,22833.91,Verified
ACC101384,Manav Gupta,Male,1977-05-26,6988164980,manav.gupta810@outlook.com,Mumbai,Maharashtra,Current,Retail,Andheri Branch,SBIN000001,2022-04-28,12098.59,Verified
ACC101385,Ishaan Mehta,Male,1965-12-25,9210262706,ishaan.mehta624@yahoo.com,Mumbai,Maharashtra,Current,Retail,Andheri Branch,SBIN000001,2022-06-26,18475.94,Verified
ACC101386,Anjali Pillai,Female,1973-10-24,9845813088,anjali.pillai328@yahoo.com,Chennai,Tamil Nadu,Savings,Retail,Anna Nagar Branch,SBIN000011,2023-11-23,9230.82,Verified
ACC101387,Myra Bose,Female,1983-11-04,8839974185,myra.bose34@outlook.com,Nagpur,Maharashtra,Savings,Retail,Sitabuldi Branch,SBIN000016,2021-09-24,7136.62,Verified
ACC101388,Aadhya Agarwal,Female,1974-09-23,9003056619,aadhya.agarwal379@yahoo.com,Nagpur,Maharashtra,Savings,Retail,Sitabuldi Branch,SBIN000016,2025-10-04,24636.85,Verified
ACC101389,Aryan Bose,Male,2002-02-21,6418493784,aryan.bose442@yahoo.com,Lucknow,Uttar Pradesh,Savings,Retail,Hazratganj Branch,SBIN000015,2025-03-28,9439.03,Verified
ACC101390,Saanvi Malhotra,Female,1975-08-28,7260013651,saanvi.malhotra135@yahoo.com,Chennai,Tamil Nadu,Savings,Retail,T Nagar Branch,SBIN000010,2023-12-29,23108.23,Verified
ACC101391,Radhika Nair,Female,1953-05-12,9906745686,radhika.nair886@gmail.com,Pune,Maharashtra,Savings,Retail,Hinjewadi Branch,SBIN000004,2022-03-20,7944.38,Verified
ACC101392,Kavita Das,Female,1998-01-27,9155996725,kavita.das328@yahoo.com,Surat,Gujarat,Savings,Premium,Adajan Branch,SBIN000018,2022-10-30,97902.31,Verified
ACC101393,Ritu Mishra,Female,2004-09-06,9533470474,ritu.mishra775@yahoo.com,Chennai,Tamil Nadu,Savings,Retail,Anna Nagar Branch,SBIN000011,2025-03-06,10695.18,Verified
ACC101394,Ashok Bose,Male,1978-06-19,9965213835,ashok.bose343@yahoo.com,Delhi,Delhi,Salary,Retail,Karol Bagh Branch,SBIN000006,2022-12-01,13783.98,Verified
ACC101395,Ritu Yadav,Female,1950-12-15,9129003622,ritu.yadav652@gmail.com,Pune,Maharashtra,Savings,Retail,Hinjewadi Branch,SBIN000004,2025-07-19,10847.05,Pending
ACC101396,Myra Pillai,Female,2005-07-01,7726488395,myra.pillai24@yahoo.com,Kochi,Kerala,Savings,Retail,MG Road Branch,SBIN000020,2026-02-22,10810.61,Verified
ACC101397,Anika Menon,Female,1982-10-31,9942525161,anika.menon809@outlook.com,Nagpur,Maharashtra,Current,Corporate,Sitabuldi Branch,SBIN000016,2024-11-04,320604.16,Verified
ACC101398,Rahul Pandey,Male,2007-04-19,9050805491,rahul.pandey180@yahoo.com,Bengaluru,Karnataka,Salary,Retail,Koramangala Branch,SBIN000007,2022-07-21,21991.6,Verified
ACC101399,Tanvi Gupta,Female,1965-08-01,9524784171,tanvi.gupta471@gmail.com,Chennai,Tamil Nadu,Savings,Retail,Anna Nagar Branch,SBIN000011,2023-04-22,14862.45,Verified
ACC101400,Divya Mehta,Female,1971-04-10,9305378803,divya.mehta340@gmail.com,Delhi,Delhi,Salary,Retail,Karol Bagh Branch,SBIN000006,2022-05-22,15496.16,Verified
ACC101401,Nikhil Iyer,Male,1961-12-04,9892608788,nikhil.iyer482@yahoo.com,Mumbai,Maharashtra,Current,Retail,Andheri Branch,SBIN000001,2023-10-04,13474.42,Verified
ACC101402,Manav Shah,Male,2002-03-14,8730486251,manav.shah25@yahoo.com,Surat,Gujarat,Savings,Premium,Adajan Branch,SBIN000018,2025-06-09,89442.21,Verified
ACC101403,Nikhil Verma,Male,1968-10-12,9378018915,nikhil.verma410@outlook.com,Chennai,Tamil Nadu,Salary,Premium,T Nagar Branch,SBIN000010,2021-04-30,25187.84,Verified
ACC101404,Anjali Agarwal,Female,1975-03-30,9776296914,anjali.agarwal846@outlook.com,Lucknow,Uttar Pradesh,Savings,Retail,Hazratganj Branch,SBIN000015,2023-06-14,7299.98,Verified
ACC101405,Diya Kapoor,Female,1963-08-15,9664509999,diya.kapoor495@gmail.com,Delhi,Delhi,Savings,Retail,Karol Bagh Branch,SBIN000006,2025-06-13,6833.65,Verified
ACC101406,Aryan Agarwal,Male,1996-06-09,8573908352,aryan.agarwal351@yahoo.com,Pune,Maharashtra,Savings,Premium,Shivaji Nagar Branch,SBIN000003,2024-09-16,118407.48,Verified
ACC101407,Priya Trivedi,Female,1956-02-14,9464884997,priya.trivedi152@outlook.com,Lucknow,Uttar Pradesh,Current,Retail,Hazratganj Branch,SBIN000015,2021-02-08,19271.75,Verified
ACC101408,Ishaan Mishra,Male,1984-05-28,9828190221,ishaan.mishra582@outlook.com,Kolkata,West Bengal,Savings,Premium,Salt Lake Branch,SBIN000012,2023-03-18,113058.77,Verified
ACC101409,Sanjay Bose,Male,1976-03-08,8397170598,sanjay.bose880@yahoo.com,Chennai,Tamil Nadu,Savings,Premium,T Nagar Branch,SBIN000010,2024-01-29,98968.42,Verified
ACC101410,Ishaan Sharma,Male,1967-12-16,6728681123,ishaan.sharma521@outlook.com,Bengaluru,Karnataka,Savings,Retail,Koramangala Branch,SBIN000007,2026-05-09,9739.88,Verified
ACC101411,Meera Das,Female,1987-08-14,9939781459,meera.das874@outlook.com,Nagpur,Maharashtra,Savings,Retail,Sitabuldi Branch,SBIN000016,2021-11-06,4741.04,Verified
ACC101412,Dhruv Das,Male,1951-04-05,9055286693,dhruv.das389@gmail.com,Nagpur,Maharashtra,Current,Premium,Sitabuldi Branch,SBIN000016,2025-06-29,82919.8,Verified
ACC101413,Aadhya Kumar,Female,1963-06-03,9705326011,aadhya.kumar809@gmail.com,Bengaluru,Karnataka,Savings,Retail,Whitefield Branch,SBIN000008,2025-04-21,19672.34,Verified
ACC101414,Neha Joshi,Female,1983-12-28,9974255136,neha.joshi839@outlook.com,Lucknow,Uttar Pradesh,Savings,Retail,Hazratganj Branch,SBIN000015,2025-04-16,18910.16,Verified
ACC101415,Kavita Gupta,Female,1953-01-19,9045024373,kavita.gupta69@yahoo.com,Kolkata,West Bengal,Current,Retail,Salt Lake Branch,SBIN000012,2020-12-13,8908.36,Verified
ACC101416,Kritika Pandey,Female,1973-10-29,9713589693,kritika.pandey254@gmail.com,Surat,Gujarat,Salary,Corporate,Adajan Branch,SBIN000018,2025-12-30,305015.97,Verified
ACC101417,Nikhil Rao,Male,1962-09-21,9615473156,nikhil.rao273@outlook.com,Bengaluru,Karnataka,Savings,Premium,Whitefield Branch,SBIN000008,2022-01-15,147319.07,Verified
ACC101418,Nikhil Gupta,Male,1998-03-09,9116436902,nikhil.gupta250@outlook.com,Pune,Maharashtra,Salary,Retail,Shivaji Nagar Branch,SBIN000003,2022-01-10,5985.57,Verified
ACC101419,Shreya Bose,Female,1999-03-23,9289666053,shreya.bose202@yahoo.com,Pune,Maharashtra,Savings,Premium,Hinjewadi Branch,SBIN000004,2026-01-11,102407.74,Verified
ACC101420,Aditya Joshi,Male,1967-09-17,6101975358,aditya.joshi10@outlook.com,Bengaluru,Karnataka,Savings,Retail,Koramangala Branch,SBIN000007,2023-09-15,8199.06,Verified
ACC101421,Deepak Nair,Male,2001-03-10,9103880273,deepak.nair468@gmail.com,Lucknow,Uttar Pradesh,Current,Retail,Hazratganj Branch,SBIN000015,2024-05-19,15745.92,Verified
ACC101422,Manav Pillai,Male,1951-01-30,8144471893,manav.pillai975@outlook.com,Hyderabad,Telangana,Savings,Retail,Banjara Hills Branch,SBIN000009,2021-06-13,13340.81,Verified
ACC101423,Naveen Kulkarni,Male,1984-12-08,9676490922,naveen.kulkarni115@gmail.com,Bengaluru,Karnataka,Savings,Retail,Whitefield Branch,SBIN000008,2025-05-02,16022.12,Verified
ACC101424,Aryan Mishra,Male,1979-12-06,9551358727,aryan.mishra312@gmail.com,Indore,Madhya Pradesh,Savings,Retail,Vijay Nagar Branch,SBIN000017,2025-02-24,11368.36,Verified
ACC101425,Divya Kumar,Female,1957-10-01,8116403439,divya.kumar315@outlook.com,Surat,Gujarat,Salary,Retail,Adajan Branch,SBIN000018,2022-03-08,6563.27,Verified
ACC101426,Gaurav Deshmukh,Male,1979-10-29,8775833364,gaurav.deshmukh159@yahoo.com,Nagpur,Maharashtra,Savings,Retail,Sitabuldi Branch,SBIN000016,2023-09-18,14704.2,Verified
ACC101427,Gaurav Das,Male,1994-09-27,9091538602,gaurav.das486@outlook.com,Delhi,Delhi,Salary,Retail,Karol Bagh Branch,SBIN000006,2023-04-12,23960.97,Verified
ACC101428,Sneha Malhotra,Female,1982-03-17,9123190577,sneha.malhotra380@gmail.com,Hyderabad,Telangana,Savings,Retail,Banjara Hills Branch,SBIN000009,2022-12-16,21026.54,Pending
ACC101429,Nikhil Singh,Male,1958-05-15,7941932453,nikhil.singh781@yahoo.com,Chennai,Tamil Nadu,Savings,Retail,Anna Nagar Branch,SBIN000011,2022-03-14,11010.97,Verified
ACC101430,Manav Singh,Male,1999-05-02,9122487098,manav.singh214@outlook.com,Delhi,Delhi,Salary,Premium,Connaught Place Branch,SBIN000005,2024-06-07,111564.06,Verified
ACC101431,Ishita Naidu,Female,1978-02-17,9251742240,ishita.naidu757@gmail.com,Kolkata,West Bengal,Savings,Retail,Salt Lake Branch,SBIN000012,2025-01-13,14393.64,Verified
ACC101432,Nisha Deshmukh,Female,1965-12-21,9890034686,nisha.deshmukh492@outlook.com,Lucknow,Uttar Pradesh,Salary,Retail,Hazratganj Branch,SBIN000015,2025-11-26,8811.59,Verified
ACC101433,Ananya Malhotra,Female,1956-05-09,8672020095,ananya.malhotra622@outlook.com,Ahmedabad,Gujarat,Current,Premium,Navrangpura Branch,SBIN000013,2022-11-15,56418.54,Verified
ACC101434,Vihaan Verma,Male,1995-10-23,9368900577,vihaan.verma138@outlook.com,Chennai,Tamil Nadu,Savings,Retail,Anna Nagar Branch,SBIN000011,2022-01-03,3664.74,Verified
ACC101435,Gaurav Kapoor,Male,1985-09-08,9900739713,gaurav.kapoor576@gmail.com,Jaipur,Rajasthan,Salary,Premium,C Scheme Branch,SBIN000014,2020-10-11,94631.46,Verified
ACC101436,Aryan Menon,Male,1994-04-03,9386908716,aryan.menon23@gmail.com,Surat,Gujarat,Current,Retail,Adajan Branch,SBIN000018,2020-10-21,7994.07,Verified
ACC101437,Aadhya Pandey,Female,1979-05-07,6171928170,aadhya.pandey220@gmail.com,Chennai,Tamil Nadu,Salary,Retail,Anna Nagar Branch,SBIN000011,2021-09-15,18934.56,Verified
ACC101438,Ishaan Bose,Male,1976-12-23,9422521602,ishaan.bose766@gmail.com,Kolkata,West Bengal,Savings,Retail,Salt Lake Branch,SBIN000012,2022-06-05,7128.59,Verified
ACC101439,Suresh Chatterjee,Male,1970-06-16,9447726903,suresh.chatterjee935@outlook.com,Jaipur,Rajasthan,Savings,Retail,C Scheme Branch,SBIN000014,2021-11-17,13681.54,Verified
ACC101440,Rajesh Chatterjee,Male,1989-09-19,9761794802,rajesh.chatterjee290@outlook.com,Mumbai,Maharashtra,Salary,Premium,Bandra Branch,SBIN000002,2023-02-08,90045.22,Verified
ACC101441,Aditya Kapoor,Male,1966-04-13,9602119158,aditya.kapoor818@outlook.com,Pune,Maharashtra,Savings,Corporate,Shivaji Nagar Branch,SBIN000003,2022-08-27,289293.1,Verified
ACC101442,Aadhya Menon,Female,1984-04-28,9986478686,aadhya.menon442@yahoo.com,Lucknow,Uttar Pradesh,Savings,Corporate,Hazratganj Branch,SBIN000015,2025-08-13,395201.88,Verified
ACC101443,Deepak Mishra,Male,1957-12-17,9474083781,deepak.mishra541@outlook.com,Delhi,Delhi,Current,Retail,Connaught Place Branch,SBIN000005,2023-05-13,9155.43,Verified
ACC101444,Sneha Mishra,Female,2007-04-02,9216400698,sneha.mishra9@gmail.com,Mumbai,Maharashtra,Savings,Retail,Andheri Branch,SBIN000001,2021-04-02,10358.74,Verified
ACC101445,Arjun Shah,Male,2004-09-24,9534848647,arjun.shah206@outlook.com,Bengaluru,Karnataka,Savings,Premium,Whitefield Branch,SBIN000008,2025-03-07,104969.65,Verified
ACC101446,Sakshi Mishra,Female,2005-05-21,8654622021,sakshi.mishra27@outlook.com,Chandigarh,Chandigarh,Savings,Premium,Sector 17 Branch,SBIN000019,2020-10-31,43606.27,Verified
ACC101447,Radhika Verma,Female,2008-06-23,9033000088,radhika.verma236@outlook.com,Delhi,Delhi,Savings,Corporate,Connaught Place Branch,SBIN000005,2021-10-14,191901.31,Verified
ACC101448,Kabir Rao,Male,1972-06-17,9900889911,kabir.rao28@gmail.com,Jaipur,Rajasthan,Salary,Retail,C Scheme Branch,SBIN000014,2025-04-29,19536.29,Verified
ACC101449,Divya Nair,Female,1965-03-23,6923273798,divya.nair51@yahoo.com,Ahmedabad,Gujarat,Savings,Premium,Navrangpura Branch,SBIN000013,2023-01-08,47115.97,Verified
ACC101450,Krishna Gupta,Male,2005-06-01,9854818674,krishna.gupta593@outlook.com,Ahmedabad,Gujarat,Savings,Retail,Navrangpura Branch,SBIN000013,2024-01-15,13160.88,Pending
ACC101451,Reyansh Malhotra,Male,1973-02-18,9336113711,reyansh.malhotra325@yahoo.com,Bengaluru,Karnataka,Savings,Retail,Koramangala Branch,SBIN000007,2020-11-03,18992.38,Verified
ACC101452,Aditya Trivedi,Male,1980-12-16,9582942034,aditya.trivedi8@yahoo.com,Indore,Madhya Pradesh,Savings,Retail,Vijay Nagar Branch,SBIN000017,2021-02-08,11966.89,Verified
ACC101453,Pooja Pandey,Female,1997-04-15,9466075699,pooja.pandey869@outlook.com,Pune,Maharashtra,Savings,Corporate,Hinjewadi Branch,SBIN000004,2024-07-24,245367.0,Verified
ACC101454,Sanjay Iyer,Male,1985-03-29,9010824028,sanjay.iyer919@yahoo.com,Ahmedabad,Gujarat,Salary,Retail,Navrangpura Branch,SBIN000013,2022-04-15,18511.1,Pending
ACC101455,Naveen Mehta,Male,2003-05-25,7940262085,naveen.mehta781@gmail.com,Delhi,Delhi,Savings,Retail,Karol Bagh Branch,SBIN000006,2024-09-14,17681.69,Verified
ACC101456,Pranav Gupta,Male,1979-08-25,9536423570,pranav.gupta959@outlook.com,Chennai,Tamil Nadu,Savings,Retail,T Nagar Branch,SBIN000010,2021-01-06,5138.08,Verified
ACC101457,Kavita Trivedi,Female,1951-02-02,9181612559,kavita.trivedi209@yahoo.com,Delhi,Delhi,Savings,Corporate,Karol Bagh Branch,SBIN000006,2021-02-12,63491.06,Verified
ACC101458,Dhruv Yadav,Male,1951-08-22,7923046600,dhruv.yadav482@gmail.com,Hyderabad,Telangana,Current,Retail,Banjara Hills Branch,SBIN000009,2024-07-25,1683.93,Verified
ACC101459,Myra Yadav,Female,1955-07-19,9232961512,myra.yadav162@gmail.com,Jaipur,Rajasthan,Savings,Retail,C Scheme Branch,SBIN000014,2023-12-12,13604.91,Verified
ACC101460,Deepak Mehta,Male,1952-04-21,6534460422,deepak.mehta426@outlook.com,Pune,Maharashtra,Savings,Retail,Shivaji Nagar Branch,SBIN000003,2025-12-27,12146.4,Pending
ACC101461,Naveen Pillai,Male,2007-05-09,9915305734,naveen.pillai673@outlook.com,Mumbai,Maharashtra,Savings,Retail,Andheri Branch,SBIN000001,2023-02-05,4076.77,Verified
ACC101462,Vikram Bansal,Male,1979-02-16,9768225127,vikram.bansal225@outlook.com,Pune,Maharashtra,Savings,Premium,Hinjewadi Branch,SBIN000004,2021-06-27,45517.32,Verified
ACC101463,Arjun Mehta,Male,1989-05-10,6656224197,arjun.mehta256@gmail.com,Pune,Maharashtra,Current,Premium,Shivaji Nagar Branch,SBIN000003,2021-09-09,99951.89,Verified
ACC101464,Nikhil Bansal,Male,2001-11-12,9771290350,nikhil.bansal592@yahoo.com,Chennai,Tamil Nadu,Savings,Corporate,T Nagar Branch,SBIN000010,2023-01-13,283962.62,Verified
ACC101465,Myra Kumar,Female,1952-09-19,9742235434,myra.kumar766@yahoo.com,Jaipur,Rajasthan,Savings,Retail,C Scheme Branch,SBIN000014,2026-05-30,21417.96,Verified
ACC101466,Aarti Gupta,Female,1953-09-17,9156495254,aarti.gupta407@yahoo.com,Delhi,Delhi,Savings,Retail,Karol Bagh Branch,SBIN000006,2024-12-04,6707.9,Verified
ACC101467,Siddharth Joshi,Male,1983-12-10,9197388182,siddharth.joshi220@yahoo.com,Kolkata,West Bengal,Savings,Premium,Salt Lake Branch,SBIN000012,2021-08-16,72735.39,Pending
ACC101468,Kritika Bose,Female,1977-06-28,9948821884,kritika.bose914@gmail.com,Pune,Maharashtra,Current,Retail,Hinjewadi Branch,SBIN000004,2020-08-12,9096.41,Verified
ACC101469,Pranav Pandey,Male,1984-08-17,9511021254,pranav.pandey782@outlook.com,Nagpur,Maharashtra,Current,Retail,Sitabuldi Branch,SBIN000016,2023-02-06,21549.15,Verified
ACC101470,Pranav Singh,Male,1961-12-21,9604986037,pranav.singh469@gmail.com,Jaipur,Rajasthan,Current,Corporate,C Scheme Branch,SBIN000014,2025-01-25,152206.28,Verified
ACC101471,Sanjay Patel,Male,1958-11-08,9031978999,sanjay.patel85@outlook.com,Delhi,Delhi,Salary,Retail,Connaught Place Branch,SBIN000005,2024-11-07,24623.48,Verified
ACC101472,Harsh Mishra,Male,2003-07-10,9471317197,harsh.mishra752@outlook.com,Indore,Madhya Pradesh,Savings,Premium,Vijay Nagar Branch,SBIN000017,2020-11-22,22173.5,Verified
ACC101473,Vikram Malhotra,Male,1994-10-17,9908419478,vikram.malhotra553@gmail.com,Delhi,Delhi,Savings,Retail,Connaught Place Branch,SBIN000005,2023-11-27,13795.75,Verified
ACC101474,Meera Rao,Female,1969-08-30,7535821072,meera.rao232@outlook.com,Kolkata,West Bengal,Savings,Retail,Salt Lake Branch,SBIN000012,2022-10-09,21614.58,Verified
ACC101475,Vikram Chatterjee,Male,1982-12-21,9790371616,vikram.chatterjee923@outlook.com,Bengaluru,Karnataka,Savings,Corporate,Koramangala Branch,SBIN000007,2024-08-17,183423.39,Pending
ACC101476,Sakshi Joshi,Female,1952-03-12,9399647718,sakshi.joshi726@outlook.com,Lucknow,Uttar Pradesh,Savings,Premium,Hazratganj Branch,SBIN000015,2024-09-17,29733.16,Verified
ACC101477,Ira Yadav,Female,1962-01-30,8102480855,ira.yadav493@gmail.com,Kochi,Kerala,Savings,Retail,MG Road Branch,SBIN000020,2022-08-14,4367.28,Verified
ACC101478,Aarti Mehta,Female,1977-08-08,9323622169,aarti.mehta855@yahoo.com,Ahmedabad,Gujarat,Current,Retail,Navrangpura Branch,SBIN000013,2026-05-20,5640.91,Verified
ACC101479,Rohan Reddy,Male,1952-10-22,9670675169,rohan.reddy455@gmail.com,Ahmedabad,Gujarat,Savings,Premium,Navrangpura Branch,SBIN000013,2026-07-09,39740.01,Pending
ACC101480,Deepika Kumar,Female,1990-08-17,9164261070,deepika.kumar613@yahoo.com,Mumbai,Maharashtra,Current,Retail,Andheri Branch,SBIN000001,2022-01-24,19519.79,Verified
ACC101481,Yash Patel,Male,1963-03-22,9983924848,yash.patel773@outlook.com,Pune,Maharashtra,Savings,Retail,Hinjewadi Branch,SBIN000004,2022-10-08,22125.45,Verified
ACC101482,Rohan Verma,Male,1954-06-05,9053021516,rohan.verma173@outlook.com,Ahmedabad,Gujarat,Salary,Retail,Navrangpura Branch,SBIN000013,2020-09-27,11221.85,Verified
ACC101483,Aarti Joshi,Female,1978-03-23,9953481105,aarti.joshi614@yahoo.com,Chennai,Tamil Nadu,Savings,Retail,T Nagar Branch,SBIN000010,2022-10-10,15479.59,Pending
ACC101484,Naveen Bansal,Male,1951-08-04,9789615738,naveen.bansal886@yahoo.com,Nagpur,Maharashtra,Salary,Corporate,Sitabuldi Branch,SBIN000016,2021-04-21,337126.96,Verified
ACC101485,Kavita Shah,Female,1970-02-22,7751239597,kavita.shah366@gmail.com,Hyderabad,Telangana,Current,Retail,Banjara Hills Branch,SBIN000009,2025-01-13,7029.98,Verified
ACC101486,Sanjay Trivedi,Male,1979-12-28,9723602446,sanjay.trivedi107@outlook.com,Nagpur,Maharashtra,Savings,Retail,Sitabuldi Branch,SBIN000016,2022-08-20,16975.08,Verified
ACC101487,Vikram Naidu,Male,1994-08-03,7205171073,vikram.naidu617@gmail.com,Chandigarh,Chandigarh,Savings,Retail,Sector 17 Branch,SBIN000019,2025-08-15,10182.09,Verified
ACC101488,Aarti Agarwal,Female,1954-02-23,7837031754,aarti.agarwal689@outlook.com,Pune,Maharashtra,Savings,Retail,Hinjewadi Branch,SBIN000004,2023-07-31,9656.82,Verified
ACC101489,Sneha Naidu,Female,2007-05-14,9857260292,sneha.naidu472@outlook.com,Ahmedabad,Gujarat,Current,Retail,Navrangpura Branch,SBIN000013,2023-10-04,11565.88,Verified
ACC101490,Ananya Das,Female,1969-11-16,7288407664,ananya.das969@yahoo.com,Jaipur,Rajasthan,Current,Retail,C Scheme Branch,SBIN000014,2025-03-11,1579.47,Verified
ACC101491,Ashok Chatterjee,Male,1958-06-30,9353867625,ashok.chatterjee353@yahoo.com,Mumbai,Maharashtra,Current,Premium,Andheri Branch,SBIN000001,2023-04-03,126387.9,Verified
ACC101492,Kavya Shah,Female,1985-08-14,9604886932,kavya.shah788@gmail.com,Lucknow,Uttar Pradesh,Current,Retail,Hazratganj Branch,SBIN000015,2021-11-24,16235.38,Verified
ACC101493,Gaurav Pandey,Male,1953-12-08,9089273961,gaurav.pandey177@yahoo.com,Surat,Gujarat,Current,Premium,Adajan Branch,SBIN000018,2022-08-05,121525.87,Verified
ACC101494,Priya Singh,Female,2006-02-08,9356707897,priya.singh314@gmail.com,Kochi,Kerala,Savings,Premium,MG Road Branch,SBIN000020,2022-07-20,61149.44,Pending
ACC101495,Aadhya Agarwal,Female,1979-08-04,9038422736,aadhya.agarwal272@outlook.com,Ahmedabad,Gujarat,Savings,Retail,Navrangpura Branch,SBIN000013,2022-08-15,10184.71,Verified
ACC101496,Aryan Trivedi,Male,1994-01-28,9271117576,aryan.trivedi115@gmail.com,Lucknow,Uttar Pradesh,Salary,Premium,Hazratganj Branch,SBIN000015,2021-05-17,61958.77,Pending
ACC101497,Tanvi Deshmukh,Female,1985-10-16,9298514486,tanvi.deshmukh78@gmail.com,Surat,Gujarat,Savings,Retail,Adajan Branch,SBIN000018,2026-05-16,15843.3,Verified
ACC101498,Sanjay Pillai,Male,1984-01-28,9039220269,sanjay.pillai137@yahoo.com,Ahmedabad,Gujarat,Salary,Retail,Navrangpura Branch,SBIN000013,2021-12-26,9491.19,Verified
ACC101499,Nikhil Naidu,Male,1996-09-11,7106801770,nikhil.naidu846@gmail.com,Chennai,Tamil Nadu,Savings,Corporate,T Nagar Branch,SBIN000010,2020-09-06,151171.19,Verified
ACC101500,Arjun Bansal,Male,2004-01-20,9500493326,arjun.bansal897@gmail.com,Hyderabad,Telangana,Savings,Retail,Banjara Hills Branch,SBIN000009,2025-05-28,6255.4,Verified
